Time_Start,Time_End,Renko_Open,Renko_Close,Volume,Indicator_1
02/01/2024 00:00,02/01/2024 00:54,17820,17830,2539,17826.67
02/01/2024 00:55,02/01/2024 01:27,17820,17810,1459,17821.8
02/01/2024 01:28,02/01/2024 01:55,17810,17800,2298,17815.06
02/01/2024 01:56,02/01/2024 01:57,17800,17790,516,17813.41
02/01/2024 01:58,02/01/2024 02:33,17790,17780,4621,17801.26
02/01/2024 02:34,02/01/2024 02:38,17790,17800,882,17800.93
02/01/2024 02:39,02/01/2024 02:40,17800,17810,312,17801.07
02/01/2024 02:41,02/01/2024 02:58,17810,17820,2659,17803.78
02/01/2024 02:59,02/01/2024 03:17,17820,17830,4278,17808.79
02/01/2024 03:18,02/01/2024 03:21,17830,17840,1065,17810.23
02/01/2024 03:22,02/01/2024 03:29,17840,17850,1952,17813.38
02/01/2024 03:30,02/01/2024 03:36,17850,17860,1727,17816.45
02/01/2024 03:37,02/01/2024 03:51,17850,17840,3453,17819.8
02/01/2024 03:52,02/01/2024 04:05,17850,17860,2306,17822.62
02/01/2024 04:06,02/01/2024 05:45,17850,17840,11080,17828.2
02/01/2024 05:46,02/01/2024 06:53,17850,17860,8625,17833.13
02/01/2024 06:54,02/01/2024 07:08,17850,17840,2610,17833.64
02/01/2024 07:09,02/01/2024 07:44,17850,17860,5922,17835.98
02/01/2024 07:45,02/01/2024 08:03,17860,17870,4030,17837.96
02/01/2024 08:04,02/01/2024 08:09,17860,17850,1505,17838.33
02/01/2024 08:10,02/01/2024 08:14,17850,17840,1447,17838.44
02/01/2024 08:15,02/01/2024 08:16,17840,17830,1494,17838.32
02/01/2024 08:17,02/01/2024 08:30,17830,17820,5529,17837.18
02/01/2024 08:31,02/01/2024 08:38,17840,17850,5705,17837.87
02/01/2024 08:39,02/01/2024 09:04,17850,17860,9538,17839.92
02/01/2024 09:05,02/01/2024 09:23,17850,17840,6981,17840.17
02/01/2024 09:24,02/01/2024 09:28,17840,17830,2829,17839.97
02/01/2024 09:29,02/01/2024 09:34,17830,17820,18770,17837.28
02/01/2024 09:35,02/01/2024 09:55,17830,17840,44295,17837.11
02/01/2024 09:56,02/01/2024 09:56,17830,17820,1508,17836.98
02/01/2024 09:57,02/01/2024 09:59,17820,17810,5400,17836.22
02/01/2024 10:00,02/01/2024 10:04,17810,17800,14197,17833.65
02/01/2024 10:05,02/01/2024 10:07,17810,17820,7045,17833.01
02/01/2024 10:08,02/01/2024 10:08,17820,17830,2455,17832.93
02/01/2024 10:09,02/01/2024 10:09,17840,17850,2622,17833.12
02/01/2024 10:10,02/01/2024 10:21,17850,17860,20845,17835.41
02/01/2024 10:22,02/01/2024 10:26,17840,17830,8588,17835.33
02/01/2024 10:27,02/01/2024 10:28,17850,17860,3079,17835.62
02/01/2024 10:29,02/01/2024 10:49,17860,17870,27494,17838.98
02/01/2024 10:50,02/01/2024 10:50,17860,17850,1686,17839.08
02/01/2024 10:51,02/01/2024 10:52,17840,17830,4944,17838.97
02/01/2024 10:53,02/01/2024 10:53,17830,17820,2016,17838.85
02/01/2024 10:54,02/01/2024 10:56,17820,17810,7617,17838.13
02/01/2024 10:57,02/01/2024 10:59,17810,17800,4930,17837.5
02/01/2024 11:00,02/01/2024 11:33,17800,17790,45937,17831.18
02/01/2024 11:34,02/01/2024 11:34,17800,17810,2642,17830.98
02/01/2024 11:35,02/01/2024 11:39,17810,17820,5620,17830.73
02/01/2024 11:40,02/01/2024 12:00,17820,17830,20581,17830.5
02/01/2024 12:01,02/01/2024 12:03,17830,17840,3711,17830.56
02/01/2024 12:04,02/01/2024 12:04,17840,17850,1711,17830.64
02/01/2024 12:05,02/01/2024 12:05,17850,17860,2925,17830.85
02/01/2024 12:06,02/01/2024 12:06,17860,17870,1743,17831.02
02/01/2024 12:07,02/01/2024 12:09,17870,17880,6310,17831.81
02/01/2024 12:10,02/01/2024 12:22,17880,17890,17084,17834.26
02/01/2024 12:23,02/01/2024 12:28,17880,17870,4787,17834.74
02/01/2024 12:29,02/01/2024 12:48,17870,17860,20182,17836.15
02/01/2024 12:49,02/01/2024 12:49,17870,17880,1276,17836.28
02/01/2024 12:50,02/01/2024 12:51,17880,17890,3262,17836.68
02/01/2024 12:52,02/01/2024 12:54,17890,17900,4186,17837.28
02/01/2024 12:55,02/01/2024 12:55,17900,17910,1116,17837.47
02/01/2024 12:56,02/01/2024 12:57,17910,17920,3366,17838.1
02/01/2024 12:58,02/01/2024 12:58,17910,17900,2564,17838.49
02/01/2024 12:59,02/01/2024 13:01,17900,17890,4765,17839.1
02/01/2024 13:02,02/01/2024 13:03,17890,17880,2737,17839.38
02/01/2024 13:04,02/01/2024 13:04,17880,17870,1305,17839.49
02/01/2024 13:05,02/01/2024 13:06,17870,17860,3205,17839.66
02/01/2024 13:07,02/01/2024 13:12,17860,17850,8890,17839.93
02/01/2024 13:13,02/01/2024 13:13,17860,17870,665,17839.97
02/01/2024 13:14,02/01/2024 13:25,17870,17880,10479,17840.82
02/01/2024 13:26,02/01/2024 13:31,17880,17890,5049,17841.32
02/01/2024 13:32,02/01/2024 13:37,17890,17900,7599,17842.22
02/01/2024 13:38,02/01/2024 13:39,17880,17870,5286,17842.56
02/01/2024 13:40,02/01/2024 13:47,17870,17860,9142,17842.96
02/01/2024 13:48,02/01/2024 13:52,17870,17880,3961,17843.23
02/01/2024 13:53,02/01/2024 14:06,17880,17890,10161,17844.12
02/01/2024 14:07,02/01/2024 14:09,17890,17900,2481,17844.38
02/01/2024 14:10,02/01/2024 14:12,17900,17910,5359,17845.04
02/01/2024 14:13,02/01/2024 14:19,17900,17890,6171,17845.62
02/01/2024 14:20,02/01/2024 14:45,17900,17910,18490,17847.76
02/01/2024 14:46,02/01/2024 14:46,17910,17920,1949,17848.01
02/01/2024 14:47,02/01/2024 14:57,17920,17930,12642,17849.84
02/01/2024 14:58,02/01/2024 15:04,17930,17940,5742,17850.74
02/01/2024 15:05,02/01/2024 15:40,17940,17950,27611,17855.33
02/01/2024 15:41,02/01/2024 15:49,17950,17960,7915,17856.7
02/01/2024 15:50,02/01/2024 15:50,17950,17940,1026,17856.85
02/01/2024 15:51,02/01/2024 15:52,17940,17930,3359,17857.29
02/01/2024 15:53,02/01/2024 15:58,17930,17920,8905,17858.27
02/01/2024 15:59,02/01/2024 15:59,17930,17940,1624,17858.48
02/01/2024 16:00,02/01/2024 16:01,17940,17950,10486,17859.99
02/01/2024 16:02,02/01/2024 16:05,17960,17970,7172,17861.23
02/01/2024 16:06,02/01/2024 16:06,17990,18000,4341,17862.18
02/01/2024 16:07,02/01/2024 16:07,18000,18010,2197,17862.68
02/01/2024 16:08,02/01/2024 16:11,18020,18030,8159,17864.8
02/01/2024 16:12,02/01/2024 16:12,18030,18040,789,17865.01
02/01/2024 16:13,02/01/2024 16:15,18040,18050,4282,17866.23
02/01/2024 16:16,02/01/2024 16:16,18050,18060,1201,17866.59
02/01/2024 16:17,02/01/2024 16:28,18060,18070,7526,17868.92
02/01/2024 16:29,02/01/2024 16:29,18070,18080,288,17869.01
02/01/2024 16:30,02/01/2024 16:39,18080,18090,10704,17872.56
02/01/2024 16:40,02/01/2024 16:41,18090,18100,1332,17873.01
02/01/2024 16:42,02/01/2024 16:49,18100,18110,4178,17874.48
02/01/2024 16:50,02/01/2024 16:50,18120,18130,955,17874.84
02/01/2024 16:51,02/01/2024 17:00,18130,18140,4604,17876.65
02/01/2024 18:01,02/01/2024 18:06,18120,18110,2885,17877.66
02/01/2024 18:07,02/01/2024 20:09,18110,18100,11732,17881.54
02/01/2024 20:10,02/01/2024 20:34,18110,18120,2284,17882.32
02/01/2024 20:35,02/02/2024 01:15,18120,18130,14505,17887.39
02/02/2024 01:16,02/02/2024 03:01,18120,18110,8861,17890.21
02/02/2024 03:02,02/02/2024 03:38,18110,18100,5589,17891.88
02/02/2024 03:39,02/02/2024 03:51,18110,18120,1913,17892.48
02/02/2024 03:52,02/02/2024 04:03,18120,18130,2503,17893.29
02/02/2024 04:04,02/02/2024 04:38,18130,18140,6598,17895.51
02/02/2024 04:39,02/02/2024 07:24,18130,18120,18768,17901.25
02/02/2024 07:25,02/02/2024 07:27,18130,18140,1190,17901.63
02/02/2024 07:28,02/02/2024 07:52,18140,18150,4433,17903.08
02/02/2024 07:53,02/02/2024 08:25,18140,18130,8249,17905.58
02/02/2024 08:26,02/02/2024 08:30,18130,18120,1698,17906.07
02/02/2024 08:31,02/02/2024 08:36,18050,18040,16177,17908.93
02/02/2024 08:37,02/02/2024 08:40,18040,18030,5414,17909.79
02/02/2024 08:41,02/02/2024 08:41,18040,18050,1405,17910.04
02/02/2024 08:42,02/02/2024 08:43,18050,18060,3169,17910.63
02/02/2024 08:44,02/02/2024 08:47,18060,18070,4437,17911.5
02/02/2024 08:48,02/02/2024 08:49,18060,18050,1727,17911.81
02/02/2024 08:50,02/02/2024 08:54,18050,18040,3553,17912.4
02/02/2024 08:55,02/02/2024 08:56,18040,18030,2396,17912.76
02/02/2024 08:57,02/02/2024 08:57,18020,18010,2443,17913.07
02/02/2024 08:58,02/02/2024 09:06,18010,18000,9738,17914.16
02/02/2024 09:07,02/02/2024 09:24,18010,18020,12055,17915.66
02/02/2024 09:25,02/02/2024 09:32,18010,18000,16152,17917.35
02/02/2024 09:33,02/02/2024 09:34,18000,17990,8981,17918.15
02/02/2024 09:35,02/02/2024 09:35,18010,18020,4469,17918.67
02/02/2024 09:36,02/02/2024 09:36,18020,18030,4320,17919.21
02/02/2024 09:37,02/02/2024 09:37,18030,18040,3399,17919.68
02/02/2024 09:38,02/02/2024 09:38,18040,18050,4378,17920.32
02/02/2024 09:39,02/02/2024 09:42,18050,18060,13705,17922.45
02/02/2024 09:43,02/02/2024 09:44,18060,18070,6477,17923.51
02/02/2024 09:45,02/02/2024 09:45,18070,18080,3049,17924.03
02/02/2024 09:46,02/02/2024 09:46,18090,18100,5725,17925.14
02/02/2024 09:47,02/02/2024 09:47,18100,18110,3543,17925.86
02/02/2024 09:48,02/02/2024 09:49,18110,18120,7381,17927.42
02/02/2024 09:50,02/02/2024 09:50,18110,18100,3610,17928.12
02/02/2024 09:51,02/02/2024 09:53,18100,18090,9413,17929.81
02/02/2024 09:54,02/02/2024 09:56,18090,18080,6554,17930.9
02/02/2024 09:57,02/02/2024 09:57,18090,18100,2989,17931.44
02/02/2024 09:58,02/02/2024 10:02,18100,18110,8823,17933.09
02/02/2024 10:03,02/02/2024 10:04,18110,18120,4392,17933.95
02/02/2024 10:05,02/02/2024 10:09,18110,18100,9634,17935.67
02/02/2024 10:10,02/02/2024 10:16,18100,18090,14184,17937.99
02/02/2024 10:17,02/02/2024 10:24,18100,18110,13961,17940.4
02/02/2024 10:25,02/02/2024 10:26,18110,18120,5663,17941.41
02/02/2024 10:27,02/02/2024 10:31,18110,18100,9620,17942.98
02/02/2024 10:32,02/02/2024 10:32,18090,18080,3237,17943.44
02/02/2024 10:33,02/02/2024 10:34,18080,18070,5293,17944.12
02/02/2024 10:35,02/02/2024 10:38,18080,18090,6905,17945.1
02/02/2024 10:39,02/02/2024 10:39,18090,18100,2703,17945.51
02/02/2024 10:40,02/02/2024 10:40,18110,18120,2676,17945.96
02/02/2024 10:41,02/02/2024 10:42,18120,18130,5950,17947.01
02/02/2024 10:43,02/02/2024 10:43,18140,18150,3288,17947.65
02/02/2024 10:44,02/02/2024 10:57,18150,18160,24553,17952.55
02/02/2024 10:58,02/02/2024 11:01,18160,18170,5999,17953.77
02/02/2024 11:02,02/02/2024 11:02,18150,18140,2296,17954.19
02/02/2024 11:03,02/02/2024 11:10,18140,18130,11417,17956.1
02/02/2024 11:11,02/02/2024 11:12,18140,18150,1968,17956.45
02/02/2024 11:13,02/02/2024 11:28,18150,18160,17027,17959.59
02/02/2024 11:29,02/02/2024 11:29,18160,18170,1305,17959.84
02/02/2024 11:30,02/02/2024 11:30,18170,18180,3001,17960.44
02/02/2024 11:31,02/02/2024 11:39,18180,18190,11760,17962.85
02/02/2024 11:40,02/02/2024 11:45,18190,18200,6441,17964.21
02/02/2024 11:46,02/02/2024 11:51,18200,18210,7154,17965.76
02/02/2024 11:52,02/02/2024 12:19,18210,18220,27450,17971.79
02/02/2024 12:20,02/02/2024 12:28,18220,18230,8445,17973.66
02/02/2024 12:29,02/02/2024 12:31,18240,18250,7047,17975.32
02/02/2024 12:32,02/02/2024 12:43,18250,18260,11008,17977.97
02/02/2024 12:44,02/02/2024 12:44,18250,18240,3080,17978.66
02/02/2024 12:45,02/02/2024 12:45,18210,18200,5755,17979.76
02/02/2024 12:46,02/02/2024 12:51,18200,18190,16769,17982.76
02/02/2024 12:52,02/02/2024 12:58,18190,18180,8443,17984.16
02/02/2024 12:59,02/02/2024 12:59,18190,18200,1128,17984.36
02/02/2024 13:00,02/02/2024 13:01,18210,18220,4389,17985.21
02/02/2024 13:02,02/02/2024 13:06,18220,18230,6137,17986.43
02/02/2024 13:07,02/02/2024 13:26,18230,18240,22869,17991.05
02/02/2024 13:27,02/02/2024 13:45,18220,18210,22684,17995.05
02/02/2024 13:46,02/02/2024 13:50,18220,18230,5029,17995.97
02/02/2024 13:51,02/02/2024 14:02,18230,18240,8062,17997.49
02/02/2024 14:03,02/02/2024 14:11,18240,18250,7776,17999.0
02/02/2024 14:12,02/02/2024 14:15,18250,18260,4320,17999.87
02/02/2024 14:16,02/02/2024 14:41,18260,18270,23972,18004.75
02/02/2024 14:42,02/02/2024 14:55,18270,18280,13472,18007.52
02/02/2024 14:56,02/02/2024 15:10,18270,18260,11935,18009.8
02/02/2024 15:11,02/02/2024 15:23,18270,18280,8805,18011.55
02/02/2024 15:24,02/02/2024 15:27,18260,18250,4884,18012.43
02/02/2024 15:28,02/02/2024 15:59,18260,18270,39027,18019.57
02/02/2024 16:00,02/02/2024 16:00,18260,18250,9932,18021.23
02/02/2024 16:01,02/02/2024 16:01,18240,18230,6177,18022.17
02/02/2024 16:02,02/02/2024 16:39,18230,18220,10702,18023.69
02/02/2024 16:40,02/02/2024 16:57,18220,18210,3006,18024.09
02/02/2024 16:58,02/02/2024 17:00,18210,18200,697,18024.18
02/04/2024 18:01,02/04/2024 18:05,18210,18220,1443,18024.37
02/04/2024 18:06,02/04/2024 19:00,18220,18230,4561,18025.02
02/04/2024 19:01,02/04/2024 19:07,18220,18210,2895,18025.4
02/04/2024 19:08,02/04/2024 19:21,18220,18230,2876,18025.81
02/04/2024 19:22,02/04/2024 19:31,18220,18210,2144,18026.09
02/04/2024 19:32,02/04/2024 19:45,18210,18200,2003,18026.34
02/04/2024 19:46,02/04/2024 20:16,18200,18190,4107,18026.81
02/04/2024 20:17,02/05/2024 00:16,18190,18180,13678,18028.29
02/05/2024 00:17,02/05/2024 01:09,18190,18200,3777,18028.72
02/05/2024 01:10,02/05/2024 03:11,18200,18210,10610,18030.01
02/05/2024 03:12,02/05/2024 03:45,18210,18220,3730,18030.48
02/05/2024 03:46,02/05/2024 04:23,18220,18230,5525,18031.22
02/05/2024 04:24,02/05/2024 04:49,18220,18210,3317,18031.63
02/05/2024 04:50,02/05/2024 04:52,18210,18200,1146,18031.76
02/05/2024 04:53,02/05/2024 05:24,18200,18190,3668,18032.16
02/05/2024 05:25,02/05/2024 05:30,18200,18210,695,18032.24
02/05/2024 05:31,02/05/2024 05:38,18210,18220,1607,18032.44
02/05/2024 05:39,02/05/2024 07:21,18220,18230,14208,18034.28
02/05/2024 07:22,02/05/2024 08:29,18230,18240,16441,18036.47
02/05/2024 08:30,02/05/2024 08:42,18230,18220,3575,18036.91
02/05/2024 08:43,02/05/2024 09:28,18220,18210,14843,18038.62
02/05/2024 09:29,02/05/2024 09:34,18220,18230,18879,18040.9
02/05/2024 09:35,02/05/2024 09:38,18230,18240,11330,18042.32
02/05/2024 09:39,02/05/2024 09:40,18230,18220,5627,18042.97
02/05/2024 09:41,02/05/2024 09:50,18220,18210,20069,18045.11
02/05/2024 09:51,02/05/2024 09:56,18200,18190,9321,18045.98
02/05/2024 09:57,02/05/2024 10:02,18200,18210,12075,18047.18
02/05/2024 10:03,02/05/2024 10:03,18200,18190,2051,18047.37
02/05/2024 10:04,02/05/2024 10:04,18190,18180,3717,18047.68
02/05/2024 10:05,02/05/2024 10:06,18180,18170,7080,18048.23
02/05/2024 10:07,02/05/2024 10:08,18180,18190,4266,18048.59
02/05/2024 10:09,02/05/2024 10:15,18180,18170,12315,18049.52
02/05/2024 10:16,02/05/2024 10:18,18160,18150,6977,18049.96
02/05/2024 10:19,02/05/2024 10:40,18130,18120,39888,18051.7
02/05/2024 10:41,02/05/2024 10:41,18110,18100,3446,18051.8
02/05/2024 10:42,02/05/2024 10:42,18100,18090,2851,18051.87
02/05/2024 10:43,02/05/2024 10:49,18080,18070,15415,18052.06
02/05/2024 10:50,02/05/2024 10:56,18080,18090,8755,18052.24
02/05/2024 10:57,02/05/2024 11:06,18090,18100,11085,18052.52
02/05/2024 11:07,02/05/2024 11:07,18100,18110,1021,18052.56
02/05/2024 11:08,02/05/2024 11:18,18110,18120,11772,18052.99
02/05/2024 11:19,02/05/2024 11:32,18120,18130,16140,18053.66
02/05/2024 11:33,02/05/2024 11:34,18130,18140,1995,18053.76
02/05/2024 11:35,02/05/2024 11:53,18140,18150,19396,18054.77
02/05/2024 11:54,02/05/2024 11:59,18150,18160,6175,18055.12
02/05/2024 12:00,02/05/2024 12:08,18160,18170,7893,18055.61
02/05/2024 12:09,02/05/2024 12:12,18170,18180,4456,18055.91
02/05/2024 12:13,02/05/2024 12:30,18180,18190,15256,18057.01
02/05/2024 12:31,02/05/2024 12:37,18190,18200,8733,18057.68
02/05/2024 12:38,02/05/2024 12:38,18200,18210,832,18057.75
02/05/2024 12:39,02/05/2024 13:01,18210,18220,21442,18059.59
02/05/2024 13:02,02/05/2024 13:13,18210,18200,12179,18060.54
02/05/2024 13:14,02/05/2024 13:14,18210,18220,680,18060.59
02/05/2024 13:15,02/05/2024 13:21,18220,18230,6655,18061.19
02/05/2024 13:22,02/05/2024 13:25,18220,18210,3217,18061.45
02/05/2024 13:26,02/05/2024 14:26,18210,18200,43691,18064.69
02/05/2024 14:27,02/05/2024 14:33,18210,18220,5559,18065.13
02/05/2024 14:34,02/05/2024 14:35,18220,18230,1987,18065.3
02/05/2024 14:36,02/05/2024 14:46,18230,18240,11259,18066.3
02/05/2024 14:47,02/05/2024 15:03,18240,18250,11249,18067.34
02/05/2024 15:04,02/05/2024 15:07,18240,18230,3931,18067.68
02/05/2024 15:08,02/05/2024 15:12,18230,18220,6070,18068.16
02/05/2024 15:13,02/05/2024 15:13,18220,18210,794,18068.22
02/05/2024 15:14,02/05/2024 15:15,18210,18200,3190,18068.44
02/05/2024 15:16,02/05/2024 15:25,18200,18190,11478,18069.17
02/05/2024 15:26,02/05/2024 15:27,18200,18210,1994,18069.31
02/05/2024 15:28,02/05/2024 15:50,18210,18220,21974,18070.93
02/05/2024 15:51,02/05/2024 15:59,18220,18230,16031,18072.18
02/05/2024 16:00,02/05/2024 16:00,18220,18210,7914,18072.73
02/05/2024 16:01,02/05/2024 19:46,18210,18200,23547,18074.24
02/05/2024 19:47,02/05/2024 20:57,18210,18220,3824,18074.51
02/05/2024 20:58,02/05/2024 21:41,18220,18230,2337,18074.68
02/05/2024 21:42,02/05/2024 23:53,18230,18240,6462,18075.19
02/05/2024 23:54,02/06/2024 00:03,18240,18250,1374,18075.31
02/06/2024 00:04,02/06/2024 02:21,18250,18260,9510,18076.14
02/06/2024 02:22,02/06/2024 04:11,18260,18270,13336,18077.37
02/06/2024 04:12,02/06/2024 04:55,18260,18250,4864,18077.78
02/06/2024 04:56,02/06/2024 05:34,18250,18240,4895,18078.16
02/06/2024 05:35,02/06/2024 06:01,18240,18230,2695,18078.37
02/06/2024 06:02,02/06/2024 06:32,18240,18250,3321,18078.63
02/06/2024 06:33,02/06/2024 06:34,18240,18230,393,18078.66
02/06/2024 06:35,02/06/2024 06:36,18230,18220,1645,18078.78
02/06/2024 06:37,02/06/2024 06:37,18220,18210,663,18078.82
02/06/2024 06:38,02/06/2024 06:39,18210,18200,1621,18078.91
02/06/2024 06:40,02/06/2024 07:43,18200,18190,14740,18079.71
02/06/2024 07:44,02/06/2024 08:03,18200,18210,3813,18079.94
02/06/2024 08:04,02/06/2024 08:09,18210,18220,1983,18080.07
02/06/2024 08:10,02/06/2024 08:16,18220,18230,1996,18080.21
02/06/2024 08:17,02/06/2024 08:51,18230,18240,8040,18080.8
02/06/2024 08:52,02/06/2024 09:20,18240,18250,7570,18081.39
02/06/2024 09:21,02/06/2024 09:30,18250,18260,3693,18081.69
02/06/2024 09:31,02/06/2024 09:32,18260,18270,9521,18082.51
02/06/2024 09:33,02/06/2024 09:35,18260,18250,10474,18083.34
02/06/2024 09:36,02/06/2024 09:36,18240,18230,4511,18083.65
02/06/2024 09:37,02/06/2024 09:48,18230,18220,30472,18085.59
02/06/2024 09:49,02/06/2024 09:50,18220,18210,7946,18086.05
02/06/2024 09:51,02/06/2024 09:51,18200,18190,4041,18086.25
02/06/2024 09:52,02/06/2024 09:59,18190,18180,19026,18087.08
02/06/2024 10:00,02/06/2024 10:00,18180,18170,3117,18087.2
02/06/2024 10:01,02/06/2024 10:02,18170,18160,6728,18087.43
02/06/2024 10:03,02/06/2024 10:09,18160,18150,17393,18087.94
02/06/2024 10:10,02/06/2024 10:10,18150,18140,1964,18087.99
02/06/2024 10:11,02/06/2024 10:15,18140,18130,10697,18088.2
02/06/2024 10:16,02/06/2024 10:18,18140,18150,6254,18088.36
02/06/2024 10:19,02/06/2024 10:24,18150,18160,12276,18088.73
02/06/2024 10:25,02/06/2024 10:25,18140,18130,2905,18088.79
02/06/2024 10:26,02/06/2024 10:30,18130,18120,12429,18088.98
02/06/2024 10:31,02/06/2024 10:34,18130,18140,6034,18089.1
02/06/2024 10:35,02/06/2024 10:35,18140,18150,1481,18089.14
02/06/2024 10:36,02/06/2024 10:41,18150,18160,9815,18089.42
02/06/2024 10:42,02/06/2024 10:52,18150,18140,15092,18089.77
02/06/2024 10:53,02/06/2024 10:55,18140,18130,4272,18089.85
02/06/2024 10:56,02/06/2024 11:08,18140,18150,12934,18090.17
02/06/2024 11:09,02/06/2024 11:13,18150,18160,6498,18090.35
02/06/2024 11:14,02/06/2024 11:24,18150,18140,13554,18090.65
02/06/2024 11:25,02/06/2024 11:41,18150,18160,16662,18091.11
02/06/2024 11:42,02/06/2024 11:45,18150,18140,4208,18091.21
02/06/2024 11:46,02/06/2024 11:46,18140,18130,2789,18091.26
02/06/2024 11:47,02/06/2024 11:51,18120,18110,10407,18091.35
02/06/2024 11:52,02/06/2024 12:03,18110,18100,17589,18091.44
02/06/2024 12:04,02/06/2024 12:20,18100,18090,17556,18091.45
02/06/2024 12:21,02/06/2024 12:27,18090,18080,9219,18091.42
02/06/2024 12:28,02/06/2024 12:29,18090,18100,2992,18091.43
02/06/2024 12:30,02/06/2024 12:41,18100,18110,12840,18091.51
02/06/2024 12:42,02/06/2024 12:54,18110,18120,11626,18091.63
02/06/2024 12:55,02/06/2024 13:05,18110,18100,7465,18091.66
02/06/2024 13:06,02/06/2024 13:32,18110,18120,18957,18091.85
02/06/2024 13:33,02/06/2024 13:59,18120,18130,18234,18092.1
02/06/2024 14:00,02/06/2024 14:06,18130,18140,6187,18092.21
02/06/2024 14:07,02/06/2024 14:08,18130,18120,2940,18092.25
02/06/2024 14:09,02/06/2024 14:11,18110,18100,5601,18092.27
02/06/2024 14:12,02/06/2024 14:17,18100,18090,5494,18092.27
02/06/2024 14:18,02/06/2024 14:22,18090,18080,5019,18092.26
02/06/2024 14:23,02/06/2024 14:30,18090,18100,6782,18092.27
02/06/2024 14:31,02/06/2024 14:44,18100,18110,11100,18092.33
02/06/2024 14:45,02/06/2024 14:49,18110,18120,3600,18092.37
02/06/2024 14:50,02/06/2024 14:55,18120,18130,4083,18092.42
02/06/2024 14:56,02/06/2024 15:02,18130,18140,7050,18092.54
02/06/2024 15:03,02/06/2024 15:07,18140,18150,3546,18092.62
02/06/2024 15:08,02/06/2024 15:31,18150,18160,17203,18093.04
02/06/2024 15:32,02/06/2024 15:32,18150,18140,916,18093.06
02/06/2024 15:33,02/06/2024 15:33,18140,18130,1381,18093.08
02/06/2024 15:34,02/06/2024 15:53,18130,18120,19489,18093.3
02/06/2024 15:54,02/06/2024 15:55,18130,18140,2181,18093.34
02/06/2024 15:56,02/06/2024 15:59,18150,18160,8789,18093.55
02/06/2024 16:00,02/06/2024 20:05,18160,18170,28445,18094.33
02/06/2024 20:06,02/06/2024 20:09,18180,18190,1506,18094.39
02/06/2024 20:10,02/06/2024 20:22,18200,18210,2527,18094.49
02/06/2024 20:23,02/06/2024 20:55,18210,18220,3448,18094.65
02/06/2024 20:56,02/06/2024 21:35,18210,18200,2614,18094.76
02/06/2024 21:36,02/06/2024 22:48,18200,18190,3814,18094.9
02/06/2024 22:49,02/06/2024 23:00,18190,18180,928,18094.93
02/06/2024 23:01,02/07/2024 01:28,18180,18170,6176,18095.11
02/07/2024 01:29,02/07/2024 01:30,18170,18160,913,18095.13
02/07/2024 01:31,02/07/2024 04:20,18160,18150,14032,18095.44
02/07/2024 04:21,02/07/2024 04:24,18160,18170,786,18095.46
02/07/2024 04:25,02/07/2024 05:13,18170,18180,5252,18095.61
02/07/2024 05:14,02/07/2024 05:49,18180,18190,3298,18095.73
02/07/2024 05:50,02/07/2024 06:31,18180,18170,3842,18095.84
02/07/2024 06:32,02/07/2024 07:22,18180,18190,6436,18096.05
02/07/2024 07:23,02/07/2024 07:34,18180,18170,2696,18096.13
02/07/2024 07:35,02/07/2024 07:43,18180,18190,1536,18096.18
02/07/2024 07:44,02/07/2024 07:46,18190,18200,1818,18096.25
02/07/2024 07:47,02/07/2024 07:52,18200,18210,1508,18096.31
02/07/2024 07:53,02/07/2024 08:03,18210,18220,3215,18096.45
02/07/2024 08:04,02/07/2024 08:10,18220,18230,3552,18096.62
02/07/2024 08:11,02/07/2024 08:31,18230,18240,7873,18097.02
02/07/2024 08:32,02/07/2024 09:02,18240,18250,11663,18097.66
02/07/2024 09:03,02/07/2024 09:10,18250,18260,5220,18097.96
02/07/2024 09:11,02/07/2024 09:24,18260,18270,5640,18098.3
02/07/2024 09:25,02/07/2024 09:38,18270,18280,29565,18100.2
02/07/2024 09:39,02/07/2024 09:39,18270,18260,2027,18100.31
02/07/2024 09:40,02/07/2024 09:48,18250,18240,24336,18101.55
02/07/2024 09:49,02/07/2024 09:50,18250,18260,4964,18101.82
02/07/2024 09:51,02/07/2024 09:54,18260,18270,8204,18102.3
02/07/2024 09:55,02/07/2024 09:55,18260,18250,3281,18102.48
02/07/2024 09:56,02/07/2024 10:09,18250,18240,24532,18103.69
02/07/2024 10:10,02/07/2024 10:10,18250,18260,2662,18103.83
02/07/2024 10:11,02/07/2024 10:12,18260,18270,4542,18104.09
02/07/2024 10:13,02/07/2024 10:13,18270,18280,1871,18104.2
02/07/2024 10:14,02/07/2024 10:15,18300,18310,11114,18104.98
02/07/2024 10:16,02/07/2024 10:17,18310,18320,5319,18105.38
02/07/2024 10:18,02/07/2024 10:24,18320,18330,15302,18106.54
02/07/2024 10:25,02/07/2024 10:27,18330,18340,6546,18107.06
02/07/2024 10:28,02/07/2024 10:29,18350,18360,6029,18107.58
02/07/2024 10:30,02/07/2024 10:38,18360,18370,20636,18109.41
02/07/2024 10:39,02/07/2024 10:46,18360,18350,10639,18110.29
02/07/2024 10:47,02/07/2024 10:52,18360,18370,8853,18111.06
02/07/2024 10:53,02/07/2024 10:54,18370,18380,4724,18111.48
02/07/2024 10:55,02/07/2024 10:55,18370,18360,1769,18111.63
02/07/2024 10:56,02/07/2024 11:00,18360,18350,7913,18112.28
02/07/2024 11:01,02/07/2024 11:09,18340,18330,15428,18113.43
02/07/2024 11:10,02/07/2024 11:11,18340,18350,2737,18113.64
02/07/2024 11:12,02/07/2024 11:16,18350,18360,5085,18114.05
02/07/2024 11:17,02/07/2024 11:20,18350,18340,5297,18114.46
02/07/2024 11:21,02/07/2024 11:34,18340,18330,15406,18115.58
02/07/2024 11:35,02/07/2024 11:45,18330,18320,12035,18116.41
02/07/2024 11:46,02/07/2024 11:54,18330,18340,9253,18117.08
02/07/2024 11:55,02/07/2024 12:03,18340,18350,9630,18117.81
02/07/2024 12:04,02/07/2024 12:12,18350,18360,6059,18118.29
02/07/2024 12:13,02/07/2024 12:17,18350,18340,4398,18118.61
02/07/2024 12:18,02/07/2024 12:24,18350,18360,5654,18119.05
02/07/2024 12:25,02/07/2024 12:26,18350,18340,1594,18119.17
02/07/2024 12:27,02/07/2024 12:30,18340,18330,3476,18119.41
02/07/2024 12:31,02/07/2024 12:33,18330,18320,3831,18119.67
02/07/2024 12:34,02/07/2024 12:40,18320,18310,8492,18120.2
02/07/2024 12:41,02/07/2024 12:53,18310,18300,14738,18121.08
02/07/2024 12:54,02/07/2024 13:01,18310,18320,6378,18121.48
02/07/2024 13:02,02/07/2024 13:04,18330,18340,7985,18122.03
02/07/2024 13:05,02/07/2024 13:10,18320,18310,8005,18122.53
02/07/2024 13:11,02/07/2024 13:19,18320,18330,8414,18123.08
02/07/2024 13:20,02/07/2024 13:25,18330,18340,4323,18123.37
02/07/2024 13:26,02/07/2024 13:30,18340,18350,4165,18123.67
02/07/2024 13:31,02/07/2024 14:55,18350,18360,58545,18127.96
02/07/2024 14:56,02/07/2024 15:54,18360,18370,41425,18131.02
02/07/2024 15:55,02/08/2024 02:11,18360,18350,48120,18134.29
02/08/2024 02:12,02/08/2024 03:17,18360,18370,4734,18134.63
02/08/2024 03:18,02/08/2024 03:20,18360,18350,885,18134.68
02/08/2024 03:21,02/08/2024 04:12,18350,18340,6373,18135.09
02/08/2024 04:13,02/08/2024 06:17,18350,18360,10522,18135.8
02/08/2024 06:18,02/08/2024 06:24,18350,18340,959,18135.86
02/08/2024 06:25,02/08/2024 06:29,18340,18330,1056,18135.92
02/08/2024 06:30,02/08/2024 09:26,18330,18320,37506,18138.03
02/08/2024 09:27,02/08/2024 09:35,18330,18340,15957,18138.97
02/08/2024 09:36,02/08/2024 09:37,18340,18350,5548,18139.32
02/08/2024 09:38,02/08/2024 09:40,18350,18360,5179,18139.65
02/08/2024 09:41,02/08/2024 09:41,18350,18340,2910,18139.83
02/08/2024 09:42,02/08/2024 09:52,18340,18330,20201,18140.98
02/08/2024 09:53,02/08/2024 09:59,18340,18350,9080,18141.53
02/08/2024 10:00,02/08/2024 10:18,18350,18360,26952,18143.23
02/08/2024 10:19,02/08/2024 10:23,18360,18370,7392,18143.71
02/08/2024 10:24,02/08/2024 10:30,18360,18350,8134,18144.21
02/08/2024 10:31,02/08/2024 10:33,18350,18340,5235,18144.51
02/08/2024 10:34,02/08/2024 10:48,18350,18360,21560,18145.83
02/08/2024 10:49,02/08/2024 10:50,18370,18380,5863,18146.22
02/08/2024 10:51,02/08/2024 10:54,18380,18390,6748,18146.69
02/08/2024 10:55,02/08/2024 11:26,18390,18400,34146,18149.12
02/08/2024 11:27,02/08/2024 12:26,18390,18380,46544,18152.18
02/08/2024 12:27,02/08/2024 12:43,18390,18400,12123,18153.01
02/08/2024 12:44,02/08/2024 12:46,18390,18380,3152,18153.22
02/08/2024 12:47,02/08/2024 13:01,18380,18370,11857,18153.94
02/08/2024 13:02,02/08/2024 14:04,18380,18390,41856,18156.63
02/08/2024 14:05,02/08/2024 14:08,18380,18370,3262,18156.83
02/08/2024 14:09,02/08/2024 14:35,18370,18360,17386,18157.81
02/08/2024 14:36,02/08/2024 14:37,18360,18350,1940,18157.91
02/08/2024 14:38,02/08/2024 14:45,18350,18340,5653,18158.2
02/08/2024 14:46,02/08/2024 14:56,18350,18360,5728,18158.51
02/08/2024 14:57,02/08/2024 15:01,18360,18370,3968,18158.74
02/08/2024 15:02,02/09/2024 02:24,18370,18380,72734,18162.98
02/09/2024 02:25,02/09/2024 03:01,18380,18390,2221,18163.11
02/09/2024 03:02,02/09/2024 03:02,18390,18400,322,18163.13
02/09/2024 03:03,02/09/2024 03:25,18400,18410,4490,18163.42
02/09/2024 03:26,02/09/2024 03:27,18410,18420,431,18163.45
02/09/2024 03:28,02/09/2024 04:12,18420,18430,6523,18163.91
02/09/2024 04:13,02/09/2024 04:14,18420,18410,257,18163.93
02/09/2024 04:15,02/09/2024 05:04,18410,18400,6349,18164.33
02/09/2024 05:05,02/09/2024 05:43,18410,18420,3639,18164.58
02/09/2024 05:44,02/09/2024 07:01,18420,18430,8391,18165.16
02/09/2024 07:02,02/09/2024 08:01,18430,18440,10661,18165.93
02/09/2024 08:02,02/09/2024 08:31,18430,18420,5995,18166.33
02/09/2024 08:32,02/09/2024 08:32,18430,18440,3495,18166.58
02/09/2024 08:33,02/09/2024 08:42,18450,18460,13787,18167.63
02/09/2024 08:43,02/09/2024 09:06,18450,18440,11014,18168.43
02/09/2024 09:07,02/09/2024 09:27,18440,18430,7997,18168.98
02/09/2024 09:28,02/09/2024 09:30,18430,18420,2978,18169.18
02/09/2024 09:31,02/09/2024 09:35,18420,18410,16445,18170.23
02/09/2024 09:36,02/09/2024 09:36,18410,18400,2405,18170.37
02/09/2024 09:37,02/09/2024 09:44,18400,18390,14956,18171.24
02/09/2024 09:45,02/09/2024 09:50,18400,18410,9827,18171.84
02/09/2024 09:51,02/09/2024 09:56,18410,18420,13229,18172.67
02/09/2024 09:57,02/09/2024 09:58,18420,18430,3980,18172.93
02/09/2024 09:59,02/09/2024 09:59,18430,18440,3065,18173.14
02/09/2024 10:00,02/09/2024 10:16,18440,18450,27638,18175.07
02/09/2024 10:17,02/09/2024 10:17,18450,18460,1682,18175.19
02/09/2024 10:18,02/09/2024 10:29,18460,18470,18544,18176.56
02/09/2024 10:30,02/09/2024 10:35,18470,18480,9276,18177.27
02/09/2024 10:36,02/09/2024 10:36,18480,18490,2121,18177.43
02/09/2024 10:37,02/09/2024 11:02,18490,18500,29471,18179.8
02/09/2024 11:03,02/09/2024 11:35,18500,18510,30575,18182.29
02/09/2024 11:36,02/09/2024 11:40,18490,18480,5615,18182.71
02/09/2024 11:41,02/09/2024 11:48,18490,18500,4916,18183.1
02/09/2024 11:49,02/09/2024 12:19,18500,18510,19971,18184.7
02/09/2024 12:20,02/09/2024 12:29,18500,18490,4908,18185.07
02/09/2024 12:30,02/09/2024 12:45,18500,18510,11341,18185.97
02/09/2024 12:46,02/09/2024 12:52,18510,18520,4742,18186.36
02/09/2024 12:53,02/09/2024 13:11,18520,18530,11745,18187.34
02/09/2024 13:12,02/09/2024 13:33,18530,18540,14810,18188.61
02/09/2024 13:34,02/09/2024 14:27,18540,18550,28134,18191.05
02/09/2024 14:28,02/09/2024 14:40,18550,18560,6973,18191.67
02/09/2024 14:41,02/09/2024 15:02,18560,18570,17715,18193.28
02/09/2024 15:03,02/09/2024 17:00,18560,18550,70794,18199.33
02/11/2024 18:01,02/11/2024 18:02,18550,18540,764,18199.39
02/11/2024 18:03,02/11/2024 18:27,18530,18520,3327,18199.65
02/11/2024 18:28,02/11/2024 20:26,18530,18540,5043,18200.05
02/11/2024 20:27,02/11/2024 23:50,18540,18550,4743,18200.44
02/11/2024 23:51,02/12/2024 02:23,18540,18530,5483,18200.87
02/12/2024 02:24,02/12/2024 03:27,18540,18550,5383,18201.31
02/12/2024 03:28,02/12/2024 08:45,18550,18560,27717,18203.62
02/12/2024 08:46,02/12/2024 09:31,18550,18540,12458,18204.61
02/12/2024 09:32,02/12/2024 09:34,18540,18530,9110,18205.31
02/12/2024 09:35,02/12/2024 09:49,18540,18550,29041,18207.61
02/12/2024 09:50,02/12/2024 09:59,18540,18530,12933,18208.59
02/12/2024 10:00,02/12/2024 10:16,18540,18550,20240,18210.16
02/12/2024 10:17,02/12/2024 10:32,18540,18530,15207,18211.29
02/12/2024 10:33,02/12/2024 10:38,18540,18550,6380,18211.78
02/12/2024 10:39,02/12/2024 10:44,18550,18560,6350,18212.28
02/12/2024 10:45,02/12/2024 10:52,18560,18570,9538,18213.05
02/12/2024 10:53,02/12/2024 10:54,18570,18580,4292,18213.4
02/12/2024 10:55,02/12/2024 11:26,18580,18590,32270,18216.13
02/12/2024 11:27,02/12/2024 11:31,18590,18600,5534,18216.61
02/12/2024 11:32,02/12/2024 11:33,18600,18610,4345,18216.99
02/12/2024 11:34,02/12/2024 11:48,18610,18620,18351,18218.64
02/12/2024 11:49,02/12/2024 12:23,18610,18600,29578,18221.18
02/12/2024 12:24,02/12/2024 12:58,18600,18590,31199,18223.75
02/12/2024 12:59,02/12/2024 13:23,18600,18610,17887,18225.27
02/12/2024 13:24,02/12/2024 13:26,18600,18590,4419,18225.62
02/12/2024 13:27,02/12/2024 13:27,18590,18580,1952,18225.78
02/12/2024 13:28,02/12/2024 13:30,18580,18570,4575,18226.13
02/12/2024 13:31,02/12/2024 13:34,18570,18560,6980,18226.65
02/12/2024 13:35,02/12/2024 13:38,18560,18550,7532,18227.19
02/12/2024 13:39,02/12/2024 13:39,18540,18530,2956,18227.39
02/12/2024 13:40,02/12/2024 14:05,18530,18520,36527,18229.74
02/12/2024 14:06,02/12/2024 14:16,18520,18510,12814,18230.53
02/12/2024 14:17,02/12/2024 14:18,18500,18490,4817,18230.8
02/12/2024 14:19,02/12/2024 14:19,18480,18470,3395,18230.98
02/12/2024 14:20,02/12/2024 14:23,18470,18460,11150,18231.54
02/12/2024 14:24,02/12/2024 14:40,18470,18480,17220,18232.45
02/12/2024 14:41,02/12/2024 14:50,18480,18490,9799,18232.99
02/12/2024 14:51,02/12/2024 14:58,18480,18470,10243,18233.52
02/12/2024 14:59,02/12/2024 15:06,18470,18460,9535,18233.98
02/12/2024 15:07,02/12/2024 15:10,18470,18480,3424,18234.16
02/12/2024 15:11,02/12/2024 15:55,18480,18490,35065,18236.04
02/12/2024 15:56,02/12/2024 16:06,18480,18470,22777,18237.18
02/12/2024 16:07,02/12/2024 16:09,18470,18460,2261,18237.29
02/12/2024 16:10,02/12/2024 16:10,18460,18450,530,18237.32
02/12/2024 16:11,02/12/2024 16:23,18450,18440,4434,18237.51
02/12/2024 16:24,02/12/2024 18:47,18440,18430,7025,18237.8
02/12/2024 18:48,02/13/2024 01:13,18440,18450,13658,18238.4
02/13/2024 01:14,02/13/2024 03:05,18450,18460,8715,18238.8
02/13/2024 03:06,02/13/2024 03:24,18460,18470,2599,18238.92
02/13/2024 03:25,02/13/2024 03:35,18460,18450,2056,18239.01
02/13/2024 03:36,02/13/2024 03:43,18450,18440,1791,18239.09
02/13/2024 03:44,02/13/2024 03:45,18440,18430,950,18239.13
02/13/2024 03:46,02/13/2024 03:54,18430,18420,3268,18239.26
02/13/2024 03:55,02/13/2024 04:00,18420,18410,1197,18239.3
02/13/2024 04:01,02/13/2024 04:34,18410,18400,7315,18239.55
02/13/2024 04:35,02/13/2024 04:47,18400,18390,3603,18239.66
02/13/2024 04:48,02/13/2024 05:06,18390,18380,3944,18239.78
02/13/2024 05:07,02/13/2024 05:52,18380,18370,8081,18240.01
02/13/2024 05:53,02/13/2024 06:46,18370,18360,5994,18240.16
02/13/2024 06:47,02/13/2024 07:01,18360,18350,2919,18240.23
02/13/2024 07:02,02/13/2024 07:02,18350,18340,925,18240.25
02/13/2024 07:03,02/13/2024 08:08,18340,18330,16098,18240.56
02/13/2024 08:09,02/13/2024 08:24,18340,18350,4062,18240.65
02/13/2024 08:25,02/13/2024 08:30,18350,18360,1824,18240.69
02/13/2024 08:31,02/13/2024 08:31,18260,18250,7688,18240.71
02/13/2024 08:32,02/13/2024 08:32,18250,18240,3457,18240.72
02/13/2024 08:33,02/13/2024 08:43,18200,18190,26623,18240.46
02/13/2024 08:44,02/13/2024 08:49,18190,18180,8285,18240.36
02/13/2024 08:50,02/13/2024 09:03,18170,18160,15379,18240.12
02/13/2024 09:04,02/13/2024 09:09,18160,18150,6828,18240.0
02/13/2024 09:10,02/13/2024 09:30,18150,18140,20542,18239.59
02/13/2024 09:31,02/13/2024 09:35,18140,18130,29147,18238.97
02/13/2024 09:36,02/13/2024 09:36,18140,18150,4156,18238.89
02/13/2024 09:37,02/13/2024 09:43,18150,18160,26256,18238.46
02/13/2024 09:44,02/13/2024 09:51,18160,18170,21803,18238.14
02/13/2024 09:52,02/13/2024 09:54,18160,18150,7014,18238.03
02/13/2024 09:55,02/13/2024 10:15,18170,18180,41283,18237.52
02/13/2024 10:16,02/13/2024 10:16,18170,18160,2823,18237.48
02/13/2024 10:17,02/13/2024 10:19,18160,18150,7514,18237.36
02/13/2024 10:20,02/13/2024 10:20,18170,18180,2700,18237.33
02/13/2024 10:21,02/13/2024 10:21,18180,18190,3333,18237.29
02/13/2024 10:22,02/13/2024 10:24,18190,18200,6559,18237.24
02/13/2024 10:25,02/13/2024 10:25,18200,18210,3199,18237.22
02/13/2024 10:26,02/13/2024 10:27,18210,18220,5496,18237.2
02/13/2024 10:28,02/13/2024 10:29,18220,18230,4427,18237.19
02/13/2024 10:30,02/13/2024 10:31,18240,18250,6983,18237.2
02/13/2024 10:32,02/13/2024 10:38,18250,18260,14332,18237.26
02/13/2024 10:39,02/13/2024 10:39,18260,18270,1662,18237.27
02/13/2024 10:40,02/13/2024 10:42,18270,18280,7474,18237.32
02/13/2024 10:43,02/13/2024 10:43,18280,18290,2087,18237.34
02/13/2024 10:44,02/13/2024 10:50,18290,18300,15220,18237.52
02/13/2024 10:51,02/13/2024 10:51,18290,18280,3654,18237.55
02/13/2024 10:52,02/13/2024 10:56,18280,18270,9969,18237.62
02/13/2024 10:57,02/13/2024 10:57,18270,18260,4545,18237.64
02/13/2024 10:58,02/13/2024 10:59,18260,18250,5080,18237.66
02/13/2024 11:00,02/13/2024 11:04,18250,18240,10063,18237.67
02/13/2024 11:05,02/13/2024 11:05,18250,18260,2172,18237.68
02/13/2024 11:06,02/13/2024 11:09,18260,18270,6381,18237.71
02/13/2024 11:10,02/13/2024 11:17,18270,18280,9081,18237.78
02/13/2024 11:18,02/13/2024 11:18,18270,18260,1232,18237.79
02/13/2024 11:19,02/13/2024 11:39,18260,18250,23765,18237.86
02/13/2024 11:40,02/13/2024 11:53,18260,18270,16029,18237.95
02/13/2024 11:54,02/13/2024 12:00,18250,18240,10785,18237.96
02/13/2024 12:01,02/13/2024 12:07,18240,18230,8055,18237.95
02/13/2024 12:08,02/13/2024 12:12,18230,18220,5530,18237.94
02/13/2024 12:13,02/13/2024 12:27,18220,18210,15288,18237.87
02/13/2024 12:28,02/13/2024 12:31,18210,18200,4071,18237.84
02/13/2024 12:32,02/13/2024 12:33,18210,18220,2835,18237.83
02/13/2024 12:34,02/13/2024 12:50,18220,18230,14217,18237.8
02/13/2024 12:51,02/13/2024 12:53,18220,18210,3879,18237.78
02/13/2024 12:54,02/13/2024 12:54,18210,18200,1617,18237.77
02/13/2024 12:55,02/13/2024 12:56,18200,18190,4782,18237.73
02/13/2024 12:57,02/13/2024 13:14,18190,18180,18475,18237.54
02/13/2024 13:15,02/13/2024 13:48,18190,18200,28013,18237.33
02/13/2024 13:49,02/13/2024 13:51,18190,18180,5125,18237.27
02/13/2024 13:52,02/13/2024 14:01,18180,18170,10965,18237.14
02/13/2024 14:02,02/13/2024 14:03,18170,18160,2760,18237.11
02/13/2024 14:04,02/13/2024 14:04,18160,18150,1202,18237.09
02/13/2024 14:05,02/13/2024 14:07,18150,18140,6024,18236.98
02/13/2024 14:08,02/13/2024 14:12,18140,18130,5722,18236.87
02/13/2024 14:13,02/13/2024 14:14,18130,18120,3657,18236.79
02/13/2024 14:15,02/13/2024 14:30,18120,18110,24609,18236.23
02/13/2024 14:31,02/13/2024 14:34,18120,18130,5441,18236.12
02/13/2024 14:35,02/13/2024 14:36,18130,18140,3483,18236.06
02/13/2024 14:37,02/13/2024 14:47,18140,18150,12703,18235.85
02/13/2024 14:48,02/13/2024 14:48,18140,18130,2032,18235.81
02/13/2024 14:49,02/13/2024 14:50,18130,18120,3215,18235.74
02/13/2024 14:51,02/13/2024 14:52,18120,18110,2832,18235.68
02/13/2024 14:53,02/13/2024 14:55,18110,18100,7636,18235.49
02/13/2024 14:56,02/13/2024 15:04,18100,18090,14342,18235.12
02/13/2024 15:05,02/13/2024 15:22,18090,18080,19400,18234.58
02/13/2024 15:23,02/13/2024 15:28,18070,18060,10112,18234.27
02/13/2024 15:29,02/13/2024 15:34,18070,18080,8835,18234.02
02/13/2024 15:35,02/13/2024 15:37,18080,18090,4570,18233.89
02/13/2024 15:38,02/13/2024 15:41,18090,18100,4811,18233.77
02/13/2024 15:42,02/13/2024 15:43,18110,18120,4197,18233.68
02/13/2024 15:44,02/13/2024 15:45,18120,18130,3674,18233.61
02/13/2024 15:46,02/13/2024 15:47,18130,18140,5522,18233.52
02/13/2024 15:48,02/13/2024 15:55,18140,18150,17896,18233.23
02/13/2024 15:56,02/13/2024 15:56,18160,18170,6018,18233.16
02/13/2024 15:57,02/13/2024 15:59,18170,18180,12027,18233.04
02/13/2024 16:00,02/13/2024 16:11,18180,18190,20908,18232.87
02/13/2024 16:12,02/13/2024 16:40,18190,18200,5714,18232.83
02/13/2024 16:41,02/13/2024 19:24,18200,18210,9603,18232.78
02/13/2024 19:25,02/13/2024 21:42,18200,18190,9834,18232.72
02/13/2024 21:43,02/14/2024 00:38,18190,18180,6157,18232.66
02/14/2024 00:39,02/14/2024 01:10,18190,18200,1362,18232.65
02/14/2024 01:11,02/14/2024 02:11,18200,18210,5602,18232.63
02/14/2024 02:12,02/14/2024 02:14,18210,18220,901,18232.62
02/14/2024 02:15,02/14/2024 02:16,18220,18230,1260,18232.62
02/14/2024 02:17,02/14/2024 02:51,18230,18240,5292,18232.63
02/14/2024 02:52,02/14/2024 03:26,18240,18250,3862,18232.64
02/14/2024 03:27,02/14/2024 04:05,18250,18260,6629,18232.66
02/14/2024 04:06,02/14/2024 04:18,18260,18270,2556,18232.68
02/14/2024 04:19,02/14/2024 04:46,18270,18280,3949,18232.71
02/14/2024 04:47,02/14/2024 04:56,18280,18290,1887,18232.73
02/14/2024 04:57,02/14/2024 06:04,18290,18300,10051,18232.84
02/14/2024 06:05,02/14/2024 06:58,18290,18280,7553,18232.91
02/14/2024 06:59,02/14/2024 07:04,18290,18300,2169,18232.93
02/14/2024 07:05,02/14/2024 08:26,18300,18310,17069,18233.16
02/14/2024 08:27,02/14/2024 09:03,18300,18290,14414,18233.31
02/14/2024 09:04,02/14/2024 09:28,18290,18280,7772,18233.38
02/14/2024 09:29,02/14/2024 09:30,18290,18300,1483,18233.39
02/14/2024 09:31,02/14/2024 09:35,18300,18310,21505,18233.67
02/14/2024 09:36,02/14/2024 09:38,18300,18290,8359,18233.75
02/14/2024 09:39,02/14/2024 09:39,18290,18280,3146,18233.78
02/14/2024 09:40,02/14/2024 09:45,18280,18270,16791,18233.9
02/14/2024 09:46,02/14/2024 09:47,18280,18290,4638,18233.94
02/14/2024 09:48,02/14/2024 09:50,18290,18300,5539,18234.0
02/14/2024 09:51,02/14/2024 09:51,18290,18280,3195,18234.03
02/14/2024 09:52,02/14/2024 09:59,18280,18270,14587,18234.13
02/14/2024 10:00,02/14/2024 10:06,18290,18300,16080,18234.3
02/14/2024 10:07,02/14/2024 10:07,18300,18310,2381,18234.33
02/14/2024 10:08,02/14/2024 10:11,18310,18320,8388,18234.45
02/14/2024 10:12,02/14/2024 10:18,18310,18300,10251,18234.57
02/14/2024 10:19,02/14/2024 10:19,18310,18320,2234,18234.6
02/14/2024 10:20,02/14/2024 10:20,18320,18330,3540,18234.66
02/14/2024 10:21,02/14/2024 10:24,18330,18340,9243,18234.82
02/14/2024 10:25,02/14/2024 10:37,18340,18350,20321,18235.21
02/14/2024 10:38,02/14/2024 10:38,18340,18330,1433,18235.23
02/14/2024 10:39,02/14/2024 10:43,18330,18320,8350,18235.36
02/14/2024 10:44,02/14/2024 10:50,18320,18310,12045,18235.52
02/14/2024 10:51,02/14/2024 10:54,18310,18300,8695,18235.62
02/14/2024 10:55,02/14/2024 10:56,18300,18290,4344,18235.66
02/14/2024 10:57,02/14/2024 10:57,18290,18280,1508,18235.67
02/14/2024 10:58,02/14/2024 10:59,18280,18270,3813,18235.7
02/14/2024 11:00,02/14/2024 11:00,18270,18260,2619,18235.71
02/14/2024 11:01,02/14/2024 11:01,18250,18240,7003,18235.72
02/14/2024 11:02,02/14/2024 11:07,18240,18230,14495,18235.71
02/14/2024 11:08,02/14/2024 11:15,18240,18250,11051,18235.73
02/14/2024 11:16,02/14/2024 11:23,18240,18230,14204,18235.73
02/14/2024 11:24,02/14/2024 11:24,18240,18250,2157,18235.73
02/14/2024 11:25,02/14/2024 11:31,18250,18260,9794,18235.77
02/14/2024 11:32,02/14/2024 11:43,18260,18270,11023,18235.82
02/14/2024 11:44,02/14/2024 12:00,18250,18240,19712,18235.85
02/14/2024 12:01,02/14/2024 12:01,18240,18230,2537,18235.85
02/14/2024 12:02,02/14/2024 12:05,18230,18220,6708,18235.83
02/14/2024 12:06,02/14/2024 12:10,18220,18210,7659,18235.8
02/14/2024 12:11,02/14/2024 12:23,18230,18240,10940,18235.8
02/14/2024 12:24,02/14/2024 12:28,18240,18250,4198,18235.81
02/14/2024 12:29,02/14/2024 12:29,18250,18260,947,18235.82
02/14/2024 12:30,02/14/2024 12:32,18260,18270,4160,18235.84
02/14/2024 12:33,02/14/2024 12:48,18270,18280,17109,18235.95
02/14/2024 12:49,02/14/2024 13:10,18280,18290,16974,18236.09
02/14/2024 13:11,02/14/2024 13:13,18280,18270,5136,18236.13
02/14/2024 13:14,02/14/2024 13:32,18270,18260,14662,18236.19
02/14/2024 13:33,02/14/2024 13:34,18270,18280,2076,18236.21
02/14/2024 13:35,02/14/2024 13:35,18280,18290,1602,18236.22
02/14/2024 13:36,02/14/2024 13:37,18290,18300,2784,18236.25
02/14/2024 13:38,02/14/2024 13:56,18300,18310,17077,18236.44
02/14/2024 13:57,02/14/2024 14:04,18300,18290,7100,18236.51
02/14/2024 14:05,02/14/2024 14:05,18290,18280,1548,18236.52
02/14/2024 14:06,02/14/2024 14:10,18270,18260,11123,18236.57
02/14/2024 14:11,02/14/2024 14:21,18260,18250,12416,18236.6
02/14/2024 14:22,02/14/2024 14:25,18260,18270,3131,18236.62
02/14/2024 14:26,02/14/2024 14:29,18270,18280,3425,18236.64
02/14/2024 14:30,02/14/2024 14:37,18280,18290,6351,18236.69
02/14/2024 14:38,02/14/2024 15:00,18290,18300,19005,18236.88
02/14/2024 15:01,02/14/2024 15:09,18300,18310,11253,18237.01
02/14/2024 15:10,02/14/2024 15:23,18310,18320,11327,18237.15
02/14/2024 15:24,02/14/2024 15:25,18320,18330,1620,18237.18
02/14/2024 15:26,02/14/2024 15:27,18330,18340,4088,18237.24
02/14/2024 15:28,02/14/2024 15:39,18340,18350,13730,18237.48
02/14/2024 15:40,02/14/2024 15:45,18350,18360,8465,18237.65
02/14/2024 15:46,02/14/2024 15:50,18360,18370,5410,18237.76
02/14/2024 15:51,02/14/2024 16:31,18370,18380,45565,18238.77
02/14/2024 16:32,02/14/2024 20:08,18380,18390,10779,18239.02
02/14/2024 20:09,02/14/2024 20:17,18380,18370,1745,18239.06
02/14/2024 20:18,02/14/2024 21:46,18370,18360,5035,18239.16
02/14/2024 21:47,02/14/2024 22:20,18370,18380,1778,18239.2
02/14/2024 22:21,02/15/2024 01:42,18380,18390,7412,18239.37
02/15/2024 01:43,02/15/2024 02:04,18390,18400,2882,18239.44
02/15/2024 02:05,02/15/2024 02:11,18400,18410,709,18239.46
02/15/2024 02:12,02/15/2024 02:30,18410,18420,2495,18239.53
02/15/2024 02:31,02/15/2024 04:10,18420,18430,10718,18239.85
02/15/2024 04:11,02/15/2024 04:46,18420,18410,4173,18239.97
02/15/2024 04:47,02/15/2024 07:07,18410,18400,13504,18240.31
02/15/2024 07:08,02/15/2024 08:32,18410,18420,15633,18240.75
02/15/2024 08:33,02/15/2024 08:48,18420,18430,11908,18241.1
02/15/2024 08:49,02/15/2024 08:50,18420,18410,2169,18241.16
02/15/2024 08:51,02/15/2024 09:34,18410,18400,31050,18241.94
02/15/2024 09:35,02/15/2024 09:36,18400,18390,7760,18242.13
02/15/2024 09:37,02/15/2024 09:44,18380,18370,20927,18242.56
02/15/2024 09:45,02/15/2024 09:54,18370,18360,25087,18243.03
02/15/2024 09:55,02/15/2024 09:56,18350,18340,7950,18243.15
02/15/2024 09:57,02/15/2024 10:03,18340,18330,15764,18243.37
02/15/2024 10:04,02/15/2024 10:07,18330,18320,11386,18243.51
02/15/2024 10:08,02/15/2024 10:09,18330,18340,4274,18243.57
02/15/2024 10:10,02/15/2024 10:12,18340,18350,6835,18243.68
02/15/2024 10:13,02/15/2024 10:28,18350,18360,31095,18244.22
02/15/2024 10:29,02/15/2024 10:40,18340,18330,22123,18244.52
02/15/2024 10:41,02/15/2024 10:52,18340,18350,15722,18244.77
02/15/2024 10:53,02/15/2024 11:02,18350,18360,13120,18244.99
02/15/2024 11:03,02/15/2024 11:04,18350,18340,3957,18245.05
02/15/2024 11:05,02/15/2024 11:08,18330,18320,10678,18245.18
02/15/2024 11:09,02/15/2024 11:09,18320,18310,1507,18245.19
02/15/2024 11:10,02/15/2024 11:15,18310,18300,11424,18245.29
02/15/2024 11:16,02/15/2024 11:21,18310,18320,6693,18245.36
02/15/2024 11:22,02/15/2024 11:28,18320,18330,8912,18245.47
02/15/2024 11:29,02/15/2024 11:40,18330,18340,12831,18245.65
02/15/2024 11:41,02/15/2024 12:12,18340,18350,30372,18246.11
02/15/2024 12:13,02/15/2024 12:19,18350,18360,6729,18246.22
02/15/2024 12:20,02/15/2024 12:28,18360,18370,6932,18246.35
02/15/2024 12:29,02/15/2024 12:45,18370,18380,12507,18246.59
02/15/2024 12:46,02/15/2024 12:58,18380,18390,11308,18246.83
02/15/2024 12:59,02/15/2024 13:08,18380,18370,9864,18247.02
02/15/2024 13:09,02/15/2024 13:11,18380,18390,4845,18247.12
02/15/2024 13:12,02/15/2024 13:17,18390,18400,7841,18247.29
02/15/2024 13:18,02/15/2024 13:18,18400,18410,1444,18247.33
02/15/2024 13:19,02/15/2024 13:29,18410,18420,13803,18247.67
02/15/2024 13:30,02/15/2024 13:30,18420,18430,861,18247.7
02/15/2024 13:31,02/15/2024 13:36,18430,18440,8675,18247.94
02/15/2024 13:37,02/15/2024 14:11,18430,18420,35097,18248.85
02/15/2024 14:12,02/15/2024 14:12,18420,18410,1618,18248.89
02/15/2024 14:13,02/15/2024 14:19,18410,18400,9850,18249.11
02/15/2024 14:20,02/15/2024 14:38,18410,18420,18708,18249.57
02/15/2024 14:39,02/15/2024 15:09,18420,18430,29283,18250.33
02/15/2024 15:10,02/15/2024 15:22,18420,18410,12437,18250.63
02/15/2024 15:23,02/15/2024 15:24,18410,18400,2683,18250.69
02/15/2024 15:25,02/15/2024 15:50,18400,18390,22353,18251.15
02/15/2024 15:51,02/15/2024 15:54,18400,18410,7134,18251.31
02/15/2024 15:55,02/15/2024 16:01,18410,18420,23032,18251.86
02/15/2024 16:02,02/15/2024 16:02,18420,18430,2183,18251.92
02/15/2024 16:03,02/15/2024 16:04,18430,18440,2346,18251.98
02/15/2024 16:05,02/15/2024 16:05,18440,18450,1490,18252.02
02/15/2024 16:06,02/15/2024 16:06,18450,18460,1753,18252.08
02/15/2024 16:07,02/15/2024 19:28,18460,18470,16356,18252.58
02/15/2024 19:29,02/15/2024 19:52,18460,18450,1085,18252.61
02/15/2024 19:53,02/15/2024 20:39,18450,18440,3461,18252.71
02/15/2024 20:40,02/15/2024 21:56,18440,18430,4521,18252.83
02/15/2024 21:57,02/16/2024 01:57,18440,18450,9182,18253.08
02/16/2024 01:58,02/16/2024 02:26,18450,18460,2290,18253.15
02/16/2024 02:27,02/16/2024 02:53,18460,18470,2686,18253.23
02/16/2024 02:54,02/16/2024 03:07,18470,18480,2822,18253.32
02/16/2024 03:08,02/16/2024 03:16,18480,18490,1698,18253.38
02/16/2024 03:17,02/16/2024 03:30,18490,18500,2988,18253.48
02/16/2024 03:31,02/16/2024 03:39,18500,18510,2411,18253.57
02/16/2024 03:40,02/16/2024 05:11,18510,18520,11887,18254.02
02/16/2024 05:12,02/16/2024 07:17,18520,18530,12982,18254.53
02/16/2024 07:18,02/16/2024 08:30,18520,18510,12680,18255.0
02/16/2024 08:31,02/16/2024 08:32,18470,18460,6139,18255.18
02/16/2024 08:33,02/16/2024 08:33,18460,18450,1543,18255.22
02/16/2024 08:34,02/16/2024 08:49,18440,18430,18679,18255.7
02/16/2024 08:50,02/16/2024 08:55,18430,18420,5551,18255.83
02/16/2024 08:56,02/16/2024 08:59,18430,18440,2280,18255.89
02/16/2024 09:00,02/16/2024 09:30,18440,18450,19639,18256.42
02/16/2024 09:31,02/16/2024 09:31,18440,18430,5742,18256.56
02/16/2024 09:32,02/16/2024 09:32,18430,18420,4045,18256.66
02/16/2024 09:33,02/16/2024 09:36,18410,18400,13686,18256.94
02/16/2024 09:37,02/16/2024 09:44,18410,18420,18558,18257.36
02/16/2024 09:45,02/16/2024 09:49,18400,18390,12171,18257.59
02/16/2024 09:50,02/16/2024 09:50,18390,18380,2725,18257.64
02/16/2024 09:51,02/16/2024 09:51,18370,18360,4797,18257.71
02/16/2024 09:52,02/16/2024 09:52,18360,18350,3612,18257.76
02/16/2024 09:53,02/16/2024 09:54,18340,18330,7944,18257.85
02/16/2024 09:55,02/16/2024 09:55,18300,18290,6773,18257.88
02/16/2024 09:56,02/16/2024 10:00,18290,18280,17064,18257.94
02/16/2024 10:01,02/16/2024 10:01,18280,18270,6862,18257.95
02/16/2024 10:02,02/16/2024 10:08,18260,18250,23460,18257.94
02/16/2024 10:09,02/16/2024 10:10,18260,18270,4886,18257.95
02/16/2024 10:11,02/16/2024 10:17,18270,18280,15578,18257.99
02/16/2024 10:18,02/16/2024 10:18,18280,18290,2575,18258.0
02/16/2024 10:19,02/16/2024 10:22,18290,18300,8129,18258.04
02/16/2024 10:23,02/16/2024 10:27,18280,18270,9402,18258.06
02/16/2024 10:28,02/16/2024 10:36,18270,18260,16672,18258.07
02/16/2024 10:37,02/16/2024 10:37,18270,18280,1739,18258.08
02/16/2024 10:38,02/16/2024 10:38,18280,18290,2246,18258.09
02/16/2024 10:39,02/16/2024 10:39,18290,18300,1755,18258.09
02/16/2024 10:40,02/16/2024 10:40,18300,18310,2703,18258.11
02/16/2024 10:41,02/16/2024 10:49,18310,18320,16032,18258.24
02/16/2024 10:50,02/16/2024 10:54,18310,18300,8767,18258.3
02/16/2024 10:55,02/16/2024 11:01,18310,18320,9023,18258.37
02/16/2024 11:02,02/16/2024 11:03,18320,18330,3738,18258.4
02/16/2024 11:04,02/16/2024 11:12,18330,18340,11910,18258.53
02/16/2024 11:13,02/16/2024 11:16,18350,18360,6039,18258.61
02/16/2024 11:17,02/16/2024 11:20,18360,18370,6400,18258.71
02/16/2024 11:21,02/16/2024 11:57,18370,18380,47068,18259.46
02/16/2024 11:58,02/16/2024 12:08,18390,18400,15677,18259.75
02/16/2024 12:09,02/16/2024 12:10,18390,18380,2090,18259.79
02/16/2024 12:11,02/16/2024 12:29,18380,18370,16695,18260.05
02/16/2024 12:30,02/16/2024 12:37,18380,18390,6845,18260.16
02/16/2024 12:38,02/16/2024 12:58,18380,18370,17401,18260.43
02/16/2024 12:59,02/16/2024 13:01,18370,18360,3462,18260.48
02/16/2024 13:02,02/16/2024 13:04,18360,18350,5602,18260.55
02/16/2024 13:05,02/16/2024 13:05,18350,18340,1640,18260.57
02/16/2024 13:06,02/16/2024 13:11,18340,18330,8852,18260.65
02/16/2024 13:12,02/16/2024 13:24,18330,18320,17362,18260.8
02/16/2024 13:25,02/16/2024 13:25,18330,18340,2673,18260.83
02/16/2024 13:26,02/16/2024 13:42,18340,18350,13931,18260.99
02/16/2024 13:43,02/16/2024 13:44,18350,18360,2007,18261.01
02/16/2024 13:45,02/16/2024 13:58,18360,18370,7575,18261.12
02/16/2024 13:59,02/16/2024 14:00,18370,18380,1835,18261.15
02/16/2024 14:01,02/16/2024 14:01,18380,18390,1961,18261.18
02/16/2024 14:02,02/16/2024 14:10,18390,18400,9283,18261.35
02/16/2024 14:11,02/16/2024 14:33,18400,18410,14462,18261.63
02/16/2024 14:34,02/16/2024 14:39,18400,18390,5640,18261.73
02/16/2024 14:40,02/16/2024 14:45,18390,18380,4805,18261.8
02/16/2024 14:46,02/16/2024 14:46,18370,18360,2327,18261.84
02/16/2024 14:47,02/16/2024 14:47,18360,18350,3094,18261.87
02/16/2024 14:48,02/16/2024 14:50,18320,18310,12216,18261.96
02/16/2024 14:51,02/16/2024 14:52,18310,18300,4274,18261.98
02/16/2024 14:53,02/16/2024 15:11,18300,18290,26179,18262.09
02/16/2024 15:12,02/16/2024 15:23,18290,18280,15410,18262.13
02/16/2024 15:24,02/16/2024 15:40,18290,18300,16573,18262.21
02/16/2024 15:41,02/16/2024 15:47,18280,18270,13017,18262.23
02/16/2024 15:48,02/16/2024 15:48,18270,18260,1380,18262.23
02/16/2024 15:49,02/16/2024 16:11,18260,18250,41228,18262.18
02/16/2024 16:12,02/16/2024 16:16,18250,18240,2354,18262.17
02/16/2024 16:17,02/16/2024 17:00,18240,18230,5104,18262.15
02/18/2024 18:01,02/18/2024 18:03,18240,18250,984,18262.15
02/18/2024 18:04,02/18/2024 18:05,18250,18260,426,18262.15
02/18/2024 18:06,02/18/2024 18:06,18270,18280,653,18262.15
02/18/2024 18:07,02/18/2024 19:20,18280,18290,5668,18262.17
02/18/2024 19:21,02/18/2024 20:02,18290,18300,2246,18262.18
02/18/2024 20:03,02/18/2024 20:25,18300,18310,1770,18262.19
02/18/2024 20:26,02/18/2024 20:32,18300,18290,722,18262.19
02/18/2024 20:33,02/18/2024 20:40,18290,18280,1267,18262.2
02/18/2024 20:41,02/18/2024 23:45,18280,18270,8004,18262.21
02/18/2024 23:46,02/19/2024 02:17,18280,18290,6529,18262.23
02/19/2024 02:18,02/19/2024 03:24,18280,18270,5307,18262.24
02/19/2024 03:25,02/19/2024 03:34,18270,18260,1712,18262.24
02/19/2024 03:35,02/19/2024 04:05,18270,18280,2823,18262.24
02/19/2024 04:06,02/19/2024 06:49,18280,18290,10110,18262.28
02/19/2024 06:50,02/19/2024 08:28,18280,18270,7438,18262.29
02/19/2024 08:29,02/19/2024 09:30,18280,18290,5811,18262.3
02/19/2024 09:31,02/19/2024 09:35,18290,18300,3171,18262.32
02/19/2024 09:36,02/19/2024 10:25,18300,18310,13039,18262.39
02/19/2024 10:26,02/19/2024 18:10,18300,18290,19141,18262.47
02/19/2024 18:11,02/19/2024 18:12,18290,18280,869,18262.47
02/19/2024 18:13,02/19/2024 18:40,18280,18270,3287,18262.48
02/19/2024 18:41,02/19/2024 19:06,18270,18260,2639,18262.48
02/19/2024 19:07,02/19/2024 19:23,18260,18250,1751,18262.48
02/19/2024 19:24,02/19/2024 20:21,18250,18240,6134,18262.46
02/19/2024 20:22,02/19/2024 20:41,18250,18260,2369,18262.46
02/19/2024 20:42,02/19/2024 20:45,18250,18240,606,18262.46
02/19/2024 20:46,02/19/2024 20:46,18240,18230,978,18262.45
02/19/2024 20:47,02/19/2024 20:56,18230,18220,2569,18262.44
02/19/2024 20:57,02/19/2024 20:59,18220,18210,1031,18262.43
02/19/2024 21:00,02/19/2024 21:00,18210,18200,706,18262.43
02/19/2024 21:01,02/20/2024 00:37,18200,18190,15463,18262.29
02/20/2024 00:38,02/20/2024 01:08,18190,18180,2426,18262.27
02/20/2024 01:09,02/20/2024 01:17,18190,18200,1034,18262.26
02/20/2024 01:18,02/20/2024 01:31,18200,18210,1172,18262.25
02/20/2024 01:32,02/20/2024 02:18,18210,18220,4557,18262.22
02/20/2024 02:19,02/20/2024 03:13,18220,18230,6232,18262.19
02/20/2024 03:14,02/20/2024 03:18,18220,18210,936,18262.19
02/20/2024 03:19,02/20/2024 03:20,18210,18200,752,18262.18
02/20/2024 03:21,02/20/2024 03:21,18200,18190,724,18262.18
02/20/2024 03:22,02/20/2024 03:36,18170,18160,7082,18262.09
02/20/2024 03:37,02/20/2024 03:39,18170,18180,841,18262.08
02/20/2024 03:40,02/20/2024 04:02,18180,18190,4141,18262.04
02/20/2024 04:03,02/20/2024 04:16,18190,18200,3649,18262.01
02/20/2024 04:17,02/20/2024 04:25,18200,18210,2282,18261.99
02/20/2024 04:26,02/20/2024 04:26,18200,18190,539,18261.99
02/20/2024 04:27,02/20/2024 04:36,18190,18180,2502,18261.96
02/20/2024 04:37,02/20/2024 05:01,18180,18170,3920,18261.92
02/20/2024 05:02,02/20/2024 05:05,18170,18160,1111,18261.9
02/20/2024 05:06,02/20/2024 05:08,18160,18150,1538,18261.88
02/20/2024 05:09,02/20/2024 06:01,18150,18140,10544,18261.72
02/20/2024 06:02,02/20/2024 06:30,18140,18130,5046,18261.64
02/20/2024 06:31,02/20/2024 06:42,18140,18150,2433,18261.6
02/20/2024 06:43,02/20/2024 07:03,18150,18160,4623,18261.54
02/20/2024 07:04,02/20/2024 07:10,18160,18170,1721,18261.52
02/20/2024 07:11,02/20/2024 07:29,18170,18180,3739,18261.48
02/20/2024 07:30,02/20/2024 08:36,18180,18190,15240,18261.34
02/20/2024 08:37,02/20/2024 08:40,18180,18170,1707,18261.32
02/20/2024 08:41,02/20/2024 08:41,18180,18190,701,18261.31
02/20/2024 08:42,02/20/2024 08:50,18190,18200,4027,18261.28
02/20/2024 08:51,02/20/2024 09:25,18190,18180,10332,18261.18
02/20/2024 09:26,02/20/2024 09:31,18180,18170,11459,18261.05
02/20/2024 09:32,02/20/2024 09:34,18210,18220,15181,18260.96
02/20/2024 09:35,02/20/2024 09:35,18210,18200,4299,18260.93
02/20/2024 09:36,02/20/2024 09:36,18200,18190,3815,18260.9
02/20/2024 09:37,02/20/2024 09:38,18170,18160,8423,18260.8
02/20/2024 09:39,02/20/2024 09:40,18150,18140,7713,18260.68
02/20/2024 09:41,02/20/2024 09:42,18110,18100,15245,18260.38
02/20/2024 09:43,02/20/2024 09:51,18100,18090,28708,18259.78
02/20/2024 09:52,02/20/2024 09:52,18080,18070,3945,18259.69
02/20/2024 09:53,02/20/2024 09:55,18070,18060,8846,18259.47
02/20/2024 09:56,02/20/2024 10:01,18070,18080,14249,18259.15
02/20/2024 10:02,02/20/2024 10:11,18060,18050,27486,18258.44
02/20/2024 10:12,02/20/2024 10:13,18050,18040,4583,18258.32
02/20/2024 10:14,02/20/2024 10:17,18040,18030,11348,18258.01
02/20/2024 10:18,02/20/2024 10:22,18040,18050,8884,18257.77
02/20/2024 10:23,02/20/2024 10:29,18040,18030,14961,18257.36
02/20/2024 10:30,02/20/2024 10:30,18030,18020,1831,18257.3
02/20/2024 10:31,02/20/2024 10:35,18010,18000,14942,18256.84
02/20/2024 10:36,02/20/2024 10:43,18010,18020,11987,18256.48
02/20/2024 10:44,02/20/2024 10:45,18020,18030,2517,18256.41
02/20/2024 10:46,02/20/2024 10:46,18030,18040,2217,18256.35
02/20/2024 10:47,02/20/2024 10:50,18040,18050,7187,18256.16
02/20/2024 10:51,02/20/2024 10:55,18050,18060,10299,18255.91
02/20/2024 10:56,02/20/2024 10:57,18060,18070,2322,18255.86
02/20/2024 10:58,02/20/2024 11:00,18070,18080,4972,18255.75
02/20/2024 11:01,02/20/2024 11:09,18090,18100,17683,18255.4
02/20/2024 11:10,02/20/2024 11:31,18090,18080,24675,18254.89
02/20/2024 11:32,02/20/2024 11:33,18070,18060,3719,18254.8
02/20/2024 11:34,02/20/2024 11:36,18060,18050,5485,18254.66
02/20/2024 11:37,02/20/2024 11:56,18050,18040,22069,18254.1
02/20/2024 11:57,02/20/2024 11:59,18040,18030,4687,18253.97
02/20/2024 12:00,02/20/2024 12:00,18030,18020,1409,18253.93
02/20/2024 12:01,02/20/2024 12:06,18020,18010,10296,18253.63
02/20/2024 12:07,02/20/2024 12:08,18010,18000,2135,18253.56
02/20/2024 12:09,02/20/2024 12:16,18000,17990,12064,18253.18
02/20/2024 12:17,02/20/2024 12:33,17990,17980,20269,18252.52
02/20/2024 12:34,02/20/2024 12:38,17990,18000,5354,18252.36
02/20/2024 12:39,02/20/2024 12:39,17990,17980,1527,18252.31
02/20/2024 12:40,02/20/2024 12:42,17980,17970,5767,18252.11
02/20/2024 12:43,02/20/2024 12:45,17990,18000,4217,18251.98
02/20/2024 12:46,02/20/2024 12:53,18000,18010,8334,18251.74
02/20/2024 12:54,02/20/2024 13:16,18010,18020,18505,18251.21
02/20/2024 13:17,02/20/2024 13:19,18010,18000,3017,18251.12
02/20/2024 13:20,02/20/2024 13:21,18010,18020,3135,18251.03
02/20/2024 13:22,02/20/2024 13:27,18020,18030,6515,18250.86
02/20/2024 13:28,02/20/2024 13:28,18020,18010,2248,18250.8
02/20/2024 13:29,02/20/2024 13:33,18010,18000,5266,18250.64
02/20/2024 13:34,02/20/2024 13:40,18000,17990,6807,18250.43
02/20/2024 13:41,02/20/2024 13:41,18000,18010,1011,18250.4
02/20/2024 13:42,02/20/2024 13:45,18010,18020,4105,18250.28
02/20/2024 13:46,02/20/2024 13:59,18020,18030,11253,18249.98
02/20/2024 14:00,02/20/2024 14:19,18030,18040,18490,18249.51
02/20/2024 14:20,02/20/2024 14:22,18040,18050,5494,18249.38
02/20/2024 14:23,02/20/2024 14:29,18040,18030,8111,18249.17
02/20/2024 14:30,02/20/2024 14:41,18040,18050,9766,18248.93
02/20/2024 14:42,02/20/2024 14:48,18050,18060,7705,18248.76
02/20/2024 14:49,02/20/2024 14:49,18060,18070,1990,18248.72
02/20/2024 14:50,02/20/2024 15:09,18070,18080,21886,18248.27
02/20/2024 15:10,02/20/2024 15:10,18080,18090,1235,18248.24
02/20/2024 15:11,02/20/2024 15:23,18090,18100,12770,18248.02
02/20/2024 15:24,02/20/2024 15:28,18090,18080,4957,18247.92
02/20/2024 15:29,02/20/2024 15:32,18090,18100,4145,18247.84
02/20/2024 15:33,02/20/2024 15:33,18080,18070,2862,18247.79
02/20/2024 15:34,02/20/2024 15:42,18060,18050,19533,18247.34
02/20/2024 15:43,02/20/2024 15:43,18060,18070,1839,18247.3
02/20/2024 15:44,02/20/2024 15:45,18070,18080,2430,18247.25
02/20/2024 15:46,02/20/2024 15:58,18080,18090,24500,18246.79
02/20/2024 15:59,02/20/2024 15:59,18090,18100,2478,18246.74
02/20/2024 16:00,02/20/2024 16:05,18110,18120,18761,18246.46
02/20/2024 16:06,02/20/2024 16:18,18110,18100,6031,18246.36
02/20/2024 16:19,02/20/2024 17:00,18100,18090,4794,18246.27
02/20/2024 18:01,02/20/2024 19:57,18090,18080,8384,18246.11
02/20/2024 19:58,02/20/2024 20:01,18080,18070,852,18246.09
02/20/2024 20:02,02/21/2024 01:03,18070,18060,15296,18245.77
02/21/2024 01:04,02/21/2024 02:25,18070,18080,6410,18245.64
02/21/2024 02:26,02/21/2024 03:10,18080,18090,5305,18245.54
02/21/2024 03:11,02/21/2024 03:16,18080,18070,1612,18245.51
02/21/2024 03:17,02/21/2024 03:19,18070,18060,621,18245.5
02/21/2024 03:20,02/21/2024 03:29,18060,18050,3231,18245.42
02/21/2024 03:30,02/21/2024 03:55,18050,18040,4676,18245.31
02/21/2024 03:56,02/21/2024 05:18,18040,18030,11183,18245.04
02/21/2024 05:19,02/21/2024 05:25,18040,18050,871,18245.02
02/21/2024 05:26,02/21/2024 06:12,18050,18060,6374,18244.88
02/21/2024 06:13,02/21/2024 06:13,18050,18040,362,18244.87
02/21/2024 06:14,02/21/2024 07:05,18040,18030,8045,18244.67
02/21/2024 07:06,02/21/2024 07:06,18030,18020,1026,18244.64
02/21/2024 07:07,02/21/2024 07:12,18020,18010,2314,18244.58
02/21/2024 07:13,02/21/2024 07:15,18020,18030,777,18244.56
02/21/2024 07:16,02/21/2024 07:37,18030,18040,5104,18244.44
02/21/2024 07:38,02/21/2024 07:47,18030,18020,2271,18244.38
02/21/2024 07:48,02/21/2024 07:51,18020,18010,1698,18244.34
02/21/2024 07:52,02/21/2024 09:05,18010,18000,22630,18243.71
02/21/2024 09:06,02/21/2024 09:30,18010,18020,9661,18243.45
02/21/2024 09:31,02/21/2024 09:42,18010,18000,38827,18242.38
02/21/2024 09:43,02/21/2024 09:43,18000,17990,2397,18242.31
02/21/2024 09:44,02/21/2024 09:56,17980,17970,33290,18241.28
02/21/2024 09:57,02/21/2024 10:02,17980,17990,13992,18240.88
02/21/2024 10:03,02/21/2024 10:03,17990,18000,3490,18240.78
02/21/2024 10:04,02/21/2024 10:04,18000,18010,3438,18240.69
02/21/2024 10:05,02/21/2024 10:08,18020,18030,10457,18240.43
02/21/2024 10:09,02/21/2024 10:26,18020,18010,23699,18239.82
02/21/2024 10:27,02/21/2024 10:30,18000,17990,8496,18239.58
02/21/2024 10:31,02/21/2024 10:37,17980,17970,12765,18239.2
02/21/2024 10:38,02/21/2024 11:07,17980,17990,33924,18238.23
02/21/2024 11:08,02/21/2024 11:10,17990,18000,3946,18238.12
02/21/2024 11:11,02/21/2024 11:14,18000,18010,3916,18238.02
02/21/2024 11:15,02/21/2024 11:28,18010,18020,13125,18237.69
02/21/2024 11:29,02/21/2024 11:46,18010,18000,15432,18237.28
02/21/2024 11:47,02/21/2024 11:52,18000,17990,5752,18237.12
02/21/2024 11:53,02/21/2024 11:55,18000,18010,2937,18237.05
02/21/2024 11:56,02/21/2024 12:04,18010,18020,7688,18236.86
02/21/2024 12:05,02/21/2024 12:05,18010,18000,1012,18236.83
02/21/2024 12:06,02/21/2024 12:06,17990,17980,3391,18236.73
02/21/2024 12:07,02/21/2024 12:10,17980,17970,5932,18236.56
02/21/2024 12:11,02/21/2024 12:13,17970,17960,6571,18236.36
02/21/2024 12:14,02/21/2024 12:46,17960,17950,31996,18235.34
02/21/2024 12:47,02/21/2024 12:54,17960,17970,7518,18235.12
02/21/2024 12:55,02/21/2024 13:02,17970,17980,11162,18234.8
02/21/2024 13:03,02/21/2024 13:09,17960,17950,11796,18234.42
02/21/2024 13:10,02/21/2024 13:12,17960,17970,2823,18234.34
02/21/2024 13:13,02/21/2024 13:16,17970,17980,4386,18234.21
02/21/2024 13:17,02/21/2024 13:28,17980,17990,12087,18233.88
02/21/2024 13:29,02/21/2024 14:00,17980,17970,21829,18233.25
02/21/2024 14:01,02/21/2024 14:02,17960,17950,5701,18233.07
02/21/2024 14:03,02/21/2024 14:03,17950,17940,2016,18233.01
02/21/2024 14:04,02/21/2024 14:09,17960,17970,15856,18232.54
02/21/2024 14:10,02/21/2024 14:15,17970,17980,6349,18232.36
02/21/2024 14:16,02/21/2024 14:22,17970,17960,10550,18232.05
02/21/2024 14:23,02/21/2024 14:23,17960,17950,1870,18231.99
02/21/2024 14:24,02/21/2024 14:24,17950,17940,4064,18231.86
02/21/2024 14:25,02/21/2024 14:25,17940,17930,1947,18231.8
02/21/2024 14:26,02/21/2024 14:38,17920,17910,20858,18231.07
02/21/2024 14:39,02/21/2024 14:42,17910,17900,5186,18230.88
02/21/2024 14:43,02/21/2024 14:55,17900,17890,15012,18230.32
02/21/2024 14:56,02/21/2024 15:01,17900,17910,6507,18230.09
02/21/2024 15:02,02/21/2024 15:09,17910,17920,7502,18229.83
02/21/2024 15:10,02/21/2024 15:25,17910,17900,14868,18229.3
02/21/2024 15:26,02/21/2024 15:29,17910,17920,4657,18229.14
02/21/2024 15:30,02/21/2024 15:31,17920,17930,2300,18229.07
02/21/2024 15:32,02/21/2024 15:32,17930,17940,1787,18229.01
02/21/2024 15:33,02/21/2024 15:34,17940,17950,3636,18228.9
02/21/2024 15:35,02/21/2024 15:35,17950,17960,1411,18228.85
02/21/2024 15:36,02/21/2024 15:37,17970,17980,4551,18228.73
02/21/2024 15:38,02/21/2024 15:40,17980,17990,5889,18228.57
02/21/2024 15:41,02/21/2024 15:43,17990,18000,3840,18228.48
02/21/2024 15:44,02/21/2024 15:51,18000,18010,12097,18228.18
02/21/2024 15:52,02/21/2024 15:55,18010,18020,6881,18228.02
02/21/2024 15:56,02/21/2024 16:04,18030,18040,24031,18227.53
02/21/2024 16:05,02/21/2024 16:20,18040,18050,6169,18227.4
02/21/2024 16:21,02/21/2024 16:21,18050,18060,1957,18227.37
02/21/2024 16:22,02/21/2024 16:22,17950,17940,4815,18227.22
02/21/2024 16:23,02/21/2024 16:23,17950,17960,3254,18227.12
02/21/2024 16:24,02/21/2024 16:24,18000,18010,2580,18227.06
02/21/2024 16:25,02/21/2024 16:27,18040,18050,5433,18226.96
02/21/2024 16:28,02/21/2024 16:28,18050,18060,976,18226.94
02/21/2024 16:29,02/21/2024 16:29,18110,18120,1756,18226.92
02/21/2024 16:30,02/21/2024 16:30,18140,18150,2238,18226.9
02/21/2024 16:31,02/21/2024 16:34,18170,18180,6820,18226.86
02/21/2024 16:35,02/21/2024 16:35,18170,18160,696,18226.86
02/21/2024 16:36,02/21/2024 16:45,18160,18150,6998,18226.8
02/21/2024 16:46,02/21/2024 16:48,18170,18180,2190,18226.79
02/21/2024 16:49,02/21/2024 16:57,18180,18190,3932,18226.77
02/21/2024 16:58,02/21/2024 16:59,18190,18200,782,18226.77
02/21/2024 17:00,02/21/2024 18:05,18210,18220,3095,18226.76
02/21/2024 18:06,02/21/2024 18:07,18210,18200,684,18226.76
02/21/2024 18:08,02/21/2024 18:17,18200,18190,2163,18226.76
02/21/2024 18:18,02/21/2024 19:02,18200,18210,6084,18226.74
02/21/2024 19:03,02/21/2024 19:06,18210,18220,1244,18226.74
02/21/2024 19:07,02/21/2024 19:17,18230,18240,2629,18226.74
02/21/2024 19:18,02/21/2024 19:38,18240,18250,2987,18226.75
02/21/2024 19:39,02/21/2024 19:46,18250,18260,1997,18226.76
02/21/2024 19:47,02/21/2024 19:50,18260,18270,1565,18226.76
02/21/2024 19:51,02/21/2024 19:52,18270,18280,1335,18226.77
02/21/2024 19:53,02/21/2024 20:31,18280,18290,7159,18226.82
02/21/2024 20:32,02/21/2024 20:55,18290,18300,3348,18226.84
02/21/2024 20:56,02/21/2024 21:52,18290,18280,6634,18226.88
02/21/2024 21:53,02/22/2024 00:24,18290,18300,8593,18226.95
02/22/2024 00:25,02/22/2024 00:47,18300,18310,1691,18226.96
02/22/2024 00:48,02/22/2024 00:55,18310,18320,2310,18226.98
02/22/2024 00:56,02/22/2024 01:36,18310,18300,3355,18227.01
02/22/2024 01:37,02/22/2024 01:41,18310,18320,1216,18227.02
02/22/2024 01:42,02/22/2024 02:49,18320,18330,8386,18227.11
02/22/2024 02:50,02/22/2024 02:55,18330,18340,1505,18227.13
02/22/2024 02:56,02/22/2024 03:00,18340,18350,910,18227.14
02/22/2024 03:01,02/22/2024 03:06,18350,18360,3192,18227.19
02/22/2024 03:07,02/22/2024 03:07,18360,18370,425,18227.19
02/22/2024 03:08,02/22/2024 03:11,18370,18380,2257,18227.23
02/22/2024 03:12,02/22/2024 03:19,18380,18390,3463,18227.29
02/22/2024 03:20,02/22/2024 04:03,18390,18400,11190,18227.49
02/22/2024 04:04,02/22/2024 04:10,18390,18380,3513,18227.55
02/22/2024 04:11,02/22/2024 04:17,18390,18400,1943,18227.58
02/22/2024 04:18,02/22/2024 05:08,18390,18380,11780,18227.78
02/22/2024 05:09,02/22/2024 06:16,18390,18400,10518,18227.97
02/22/2024 06:17,02/22/2024 06:19,18400,18410,1692,18228.0
02/22/2024 06:20,02/22/2024 06:21,18410,18420,1111,18228.02
02/22/2024 06:22,02/22/2024 07:06,18420,18430,10828,18228.25
02/22/2024 07:07,02/22/2024 07:16,18420,18410,2957,18228.31
02/22/2024 07:17,02/22/2024 09:12,18410,18400,34712,18228.96
02/22/2024 09:13,02/22/2024 09:24,18400,18390,5581,18229.05
02/22/2024 09:25,02/22/2024 09:29,18390,18380,3692,18229.11
02/22/2024 09:30,02/22/2024 09:33,18390,18400,26792,18229.59
02/22/2024 09:34,02/22/2024 09:39,18390,18380,23312,18229.97
02/22/2024 09:40,02/22/2024 09:40,18390,18400,2703,18230.02
02/22/2024 09:41,02/22/2024 09:45,18400,18410,12171,18230.24
02/22/2024 09:46,02/22/2024 09:48,18430,18440,12332,18230.51
02/22/2024 09:49,02/22/2024 09:50,18440,18450,6969,18230.67
02/22/2024 09:51,02/22/2024 09:51,18460,18470,5171,18230.8
02/22/2024 09:52,02/22/2024 09:52,18460,18450,4201,18230.89
02/22/2024 09:53,02/22/2024 09:53,18450,18440,3568,18230.97
02/22/2024 09:54,02/22/2024 10:01,18430,18420,24868,18231.47
02/22/2024 10:02,02/22/2024 10:03,18430,18440,5793,18231.6
02/22/2024 10:04,02/22/2024 10:06,18430,18420,7064,18231.74
02/22/2024 10:07,02/22/2024 10:08,18430,18440,4275,18231.83
02/22/2024 10:09,02/22/2024 10:29,18440,18450,40155,18232.73
02/22/2024 10:30,02/22/2024 10:30,18450,18460,2617,18232.79
02/22/2024 10:31,02/22/2024 10:42,18460,18470,19044,18233.25
02/22/2024 10:43,02/22/2024 10:45,18460,18450,4418,18233.35
02/22/2024 10:46,02/22/2024 10:46,18440,18430,3254,18233.42
02/22/2024 10:47,02/22/2024 11:06,18430,18420,28735,18233.99
02/22/2024 11:07,02/22/2024 11:12,18440,18450,9964,18234.2
02/22/2024 11:13,02/22/2024 11:16,18450,18460,4746,18234.31
02/22/2024 11:17,02/22/2024 11:18,18460,18470,3089,18234.39
02/22/2024 11:19,02/22/2024 11:51,18470,18480,37995,18235.33
02/22/2024 11:52,02/22/2024 12:08,18470,18460,17966,18235.76
02/22/2024 12:09,02/22/2024 12:20,18470,18480,9019,18235.98
02/22/2024 12:21,02/22/2024 12:28,18480,18490,7602,18236.17
02/22/2024 12:29,02/22/2024 12:52,18490,18500,18788,18236.67
02/22/2024 12:53,02/22/2024 12:56,18500,18510,4406,18236.8
02/22/2024 12:57,02/22/2024 13:08,18510,18520,10409,18237.09
02/22/2024 13:09,02/22/2024 13:33,18520,18530,17870,18237.62
02/22/2024 13:34,02/22/2024 13:42,18530,18540,6321,18237.81
02/22/2024 13:43,02/22/2024 13:46,18540,18550,3595,18237.93
02/22/2024 13:47,02/22/2024 14:06,18550,18560,16165,18238.45
02/22/2024 14:07,02/22/2024 14:15,18560,18570,6715,18238.67
02/22/2024 14:16,02/22/2024 14:23,18570,18580,5738,18238.87
02/22/2024 14:24,02/22/2024 14:40,18580,18590,17969,18239.5
02/22/2024 14:41,02/22/2024 14:56,18580,18570,12836,18239.94
02/22/2024 14:57,02/22/2024 14:57,18570,18560,2561,18240.02
02/22/2024 14:58,02/22/2024 15:03,18560,18550,9373,18240.32
02/22/2024 15:04,02/22/2024 15:05,18560,18570,3402,18240.43
02/22/2024 15:06,02/22/2024 15:22,18570,18580,15160,18240.95
02/22/2024 15:23,02/22/2024 15:29,18580,18590,7087,18241.19
02/22/2024 15:30,02/22/2024 15:31,18580,18570,2815,18241.29
02/22/2024 15:32,02/22/2024 15:37,18570,18560,7116,18241.52
02/22/2024 15:38,02/22/2024 15:42,18570,18580,5550,18241.71
02/22/2024 15:43,02/22/2024 15:51,18580,18590,11290,18242.1
02/22/2024 15:52,02/22/2024 15:59,18580,18570,19517,18242.75
02/22/2024 16:00,02/22/2024 16:00,18570,18560,12001,18243.13
02/22/2024 16:01,02/22/2024 16:02,18560,18550,6229,18243.33
02/22/2024 16:03,02/22/2024 16:17,18550,18540,11945,18243.68
02/22/2024 16:18,02/22/2024 18:28,18540,18530,9417,18243.96
02/22/2024 18:29,02/22/2024 19:35,18540,18550,4897,18244.1
02/22/2024 19:36,02/22/2024 20:32,18540,18530,4339,18244.23
02/22/2024 20:33,02/22/2024 23:49,18540,18550,8010,18244.47
02/22/2024 23:50,02/23/2024 03:05,18550,18560,11409,18244.83
02/23/2024 03:06,02/23/2024 03:07,18550,18540,965,18244.86
02/23/2024 03:08,02/23/2024 04:26,18540,18530,9564,18245.13
02/23/2024 04:27,02/23/2024 06:21,18530,18520,12926,18245.49
02/23/2024 06:22,02/23/2024 07:02,18530,18540,4355,18245.61
02/23/2024 07:03,02/23/2024 08:09,18540,18550,9633,18245.9
02/23/2024 08:10,02/23/2024 08:23,18550,18560,3130,18246.0
02/23/2024 08:24,02/23/2024 08:33,18560,18570,3283,18246.1
02/23/2024 08:34,02/23/2024 08:37,18570,18580,2485,18246.18
02/23/2024 08:38,02/23/2024 09:16,18580,18590,15072,18246.69
02/23/2024 09:17,02/23/2024 09:20,18590,18600,2616,18246.78
02/23/2024 09:21,02/23/2024 09:31,18610,18620,13797,18247.29
02/23/2024 09:32,02/23/2024 09:38,18630,18640,27855,18248.36
02/23/2024 09:39,02/23/2024 09:49,18640,18650,23568,18249.28
02/23/2024 09:50,02/23/2024 09:56,18630,18620,14031,18249.8
02/23/2024 09:57,02/23/2024 09:57,18610,18600,4022,18249.94
02/23/2024 09:58,02/23/2024 09:58,18600,18590,4531,18250.09
02/23/2024 09:59,02/23/2024 10:00,18590,18580,6244,18250.3
02/23/2024 10:01,02/23/2024 10:02,18580,18570,8737,18250.57
02/23/2024 10:03,02/23/2024 10:22,18580,18590,33679,18251.68
02/23/2024 10:23,02/23/2024 10:29,18580,18570,14815,18252.14
02/23/2024 10:30,02/23/2024 10:42,18570,18560,24715,18252.89
02/23/2024 10:43,02/23/2024 10:44,18560,18550,6354,18253.08
02/23/2024 10:45,02/23/2024 10:51,18550,18540,13043,18253.45
02/23/2024 10:52,02/23/2024 10:55,18550,18560,5865,18253.62
02/23/2024 10:56,02/23/2024 10:59,18550,18540,7953,18253.84
02/23/2024 11:00,02/23/2024 11:00,18540,18530,1587,18253.89
02/23/2024 11:01,02/23/2024 11:02,18530,18520,5190,18254.02
02/23/2024 11:03,02/23/2024 11:04,18520,18510,5510,18254.16
02/23/2024 11:05,02/23/2024 11:13,18490,18480,22666,18254.66
02/23/2024 11:14,02/23/2024 11:16,18470,18460,7630,18254.82
02/23/2024 11:17,02/23/2024 11:20,18470,18480,6650,18254.96
02/23/2024 11:21,02/23/2024 11:22,18480,18490,2931,18255.02
02/23/2024 11:23,02/23/2024 11:26,18490,18500,5898,18255.16
02/23/2024 11:27,02/23/2024 11:28,18500,18510,3919,18255.26
02/23/2024 11:29,02/23/2024 11:55,18510,18520,35279,18256.14
02/23/2024 11:56,02/23/2024 11:57,18520,18530,4394,18256.26
02/23/2024 11:58,02/23/2024 12:00,18530,18540,3280,18256.35
02/23/2024 12:01,02/23/2024 12:05,18540,18550,6867,18256.54
02/23/2024 12:06,02/23/2024 12:11,18550,18560,7013,18256.74
02/23/2024 12:12,02/23/2024 12:15,18560,18570,4618,18256.88
02/23/2024 12:16,02/23/2024 12:18,18560,18550,4444,18257.0
02/23/2024 12:19,02/23/2024 12:27,18550,18540,8909,18257.25
02/23/2024 12:28,02/23/2024 12:30,18540,18530,4043,18257.35
02/23/2024 12:31,02/23/2024 12:38,18530,18520,8676,18257.57
02/23/2024 12:39,02/23/2024 12:52,18530,18540,13778,18257.94
02/23/2024 12:53,02/23/2024 13:11,18540,18550,13527,18258.31
02/23/2024 13:12,02/23/2024 14:01,18550,18560,32202,18259.23
02/23/2024 14:02,02/23/2024 14:02,18550,18540,991,18259.26
02/23/2024 14:03,02/23/2024 14:10,18540,18530,8193,18259.47
02/23/2024 14:11,02/23/2024 14:24,18530,18520,10910,18259.74
02/23/2024 14:25,02/23/2024 14:38,18520,18510,13462,18260.07
02/23/2024 14:39,02/23/2024 15:08,18520,18530,20159,18260.57
02/23/2024 15:09,02/23/2024 15:09,18520,18510,1519,18260.61
02/23/2024 15:10,02/23/2024 15:14,18510,18500,5524,18260.74
02/23/2024 15:15,02/23/2024 15:30,18500,18490,15604,18261.08
02/23/2024 15:31,02/23/2024 15:36,18490,18480,7216,18261.23
02/23/2024 15:37,02/23/2024 15:38,18490,18500,2315,18261.28
02/23/2024 15:39,02/23/2024 15:50,18500,18510,11098,18261.54
02/23/2024 15:51,02/23/2024 15:59,18510,18520,14615,18261.89
02/23/2024 16:00,02/23/2024 16:00,18510,18500,7263,18262.06
02/23/2024 16:01,02/23/2024 16:03,18500,18490,7542,18262.22
02/23/2024 16:04,02/23/2024 16:17,18490,18480,5949,18262.34
02/23/2024 16:18,02/25/2024 18:09,18480,18470,6811,18262.48
02/25/2024 18:10,02/25/2024 19:02,18480,18490,3853,18262.56
02/25/2024 19:03,02/25/2024 19:45,18480,18470,4377,18262.65
02/25/2024 19:46,02/25/2024 19:47,18470,18460,292,18262.65
02/25/2024 19:48,02/25/2024 19:50,18460,18450,787,18262.67
02/25/2024 19:51,02/25/2024 20:31,18450,18440,5923,18262.77
02/25/2024 20:32,02/25/2024 21:43,18450,18460,5031,18262.86
02/25/2024 21:44,02/26/2024 01:38,18460,18470,9889,18263.05
02/26/2024 01:39,02/26/2024 03:30,18460,18450,9996,18263.22
02/26/2024 03:31,02/26/2024 03:49,18460,18470,2562,18263.27
02/26/2024 03:50,02/26/2024 04:09,18470,18480,2855,18263.33
02/26/2024 04:10,02/26/2024 04:28,18470,18460,2740,18263.38
02/26/2024 04:29,02/26/2024 04:38,18470,18480,1207,18263.4
02/26/2024 04:39,02/26/2024 04:57,18480,18490,2283,18263.45
02/26/2024 04:58,02/26/2024 05:45,18490,18500,4039,18263.54
02/26/2024 05:46,02/26/2024 07:03,18500,18510,6649,18263.69
02/26/2024 07:04,02/26/2024 08:18,18500,18490,9856,18263.9
02/26/2024 08:19,02/26/2024 08:24,18500,18510,1225,18263.93
02/26/2024 08:25,02/26/2024 08:33,18510,18520,2374,18263.99
02/26/2024 08:34,02/26/2024 09:30,18520,18530,14124,18264.33
02/26/2024 09:31,02/26/2024 09:31,18530,18540,5583,18264.47
02/26/2024 09:32,02/26/2024 09:34,18540,18550,13552,18264.83
02/26/2024 09:35,02/26/2024 09:44,18540,18530,23686,18265.42
02/26/2024 09:45,02/26/2024 09:46,18520,18510,7008,18265.58
02/26/2024 09:47,02/26/2024 09:47,18510,18500,2226,18265.63
02/26/2024 09:48,02/26/2024 10:07,18500,18490,37567,18266.42
02/26/2024 10:08,02/26/2024 10:17,18500,18510,14632,18266.74
02/26/2024 10:18,02/26/2024 10:19,18510,18520,2556,18266.8
02/26/2024 10:20,02/26/2024 10:23,18520,18530,7114,18266.97
02/26/2024 10:24,02/26/2024 11:07,18530,18540,50618,18268.22
02/26/2024 11:08,02/26/2024 11:08,18530,18520,3031,18268.29
02/26/2024 11:09,02/26/2024 11:11,18520,18510,3400,18268.37
02/26/2024 11:12,02/26/2024 11:38,18520,18530,24674,18268.95
02/26/2024 11:39,02/26/2024 11:44,18530,18540,6650,18269.11
02/26/2024 11:45,02/26/2024 11:51,18540,18550,5837,18269.26
02/26/2024 11:52,02/26/2024 12:01,18550,18560,10968,18269.55
02/26/2024 12:02,02/26/2024 12:24,18550,18540,14689,18269.92
02/26/2024 12:25,02/26/2024 12:45,18550,18560,14795,18270.3
02/26/2024 12:46,02/26/2024 12:53,18550,18540,5709,18270.44
02/26/2024 12:54,02/26/2024 13:10,18540,18530,13339,18270.76
02/26/2024 13:11,02/26/2024 13:19,18540,18550,6236,18270.92
02/26/2024 13:20,02/26/2024 13:26,18540,18530,7065,18271.09
02/26/2024 13:27,02/26/2024 13:35,18520,18510,11611,18271.34
02/26/2024 13:36,02/26/2024 13:58,18510,18500,18495,18271.73
02/26/2024 13:59,02/26/2024 14:01,18510,18520,2374,18271.78
02/26/2024 14:02,02/26/2024 14:06,18520,18530,4071,18271.88
02/26/2024 14:07,02/26/2024 14:14,18530,18540,8261,18272.07
02/26/2024 14:15,02/26/2024 14:23,18530,18520,5645,18272.2
02/26/2024 14:24,02/26/2024 15:05,18530,18540,27736,18272.86
02/26/2024 15:06,02/26/2024 15:13,18530,18520,6073,18273.0
02/26/2024 15:14,02/26/2024 15:31,18530,18540,13620,18273.32
02/26/2024 15:32,02/26/2024 15:34,18530,18520,3015,18273.39
02/26/2024 15:35,02/26/2024 15:51,18520,18510,14483,18273.7
02/26/2024 15:52,02/26/2024 15:59,18510,18500,9512,18273.9
02/26/2024 16:00,02/26/2024 16:00,18500,18490,7225,18274.04
02/26/2024 16:01,02/26/2024 16:41,18490,18480,13280,18274.29
02/26/2024 16:42,02/26/2024 16:56,18480,18470,1483,18274.32
02/26/2024 16:57,02/26/2024 18:44,18470,18460,3414,18274.37
02/26/2024 18:45,02/26/2024 19:05,18470,18480,1245,18274.4
02/26/2024 19:06,02/27/2024 00:40,18470,18460,15603,18274.66
02/27/2024 00:41,02/27/2024 00:43,18460,18450,887,18274.67
02/27/2024 00:44,02/27/2024 02:11,18450,18440,4033,18274.74
02/27/2024 02:12,02/27/2024 02:17,18450,18460,586,18274.74
02/27/2024 02:18,02/27/2024 02:29,18460,18470,948,18274.76
02/27/2024 02:30,02/27/2024 02:39,18470,18480,1875,18274.79
02/27/2024 02:40,02/27/2024 03:37,18480,18490,6786,18274.92
02/27/2024 03:38,02/27/2024 04:02,18480,18470,3291,18274.98
02/27/2024 04:03,02/27/2024 04:04,18480,18490,533,18274.99
02/27/2024 04:05,02/27/2024 04:24,18490,18500,3665,18275.06
02/27/2024 04:25,02/27/2024 04:29,18500,18510,897,18275.08
02/27/2024 04:30,02/27/2024 05:08,18510,18520,3520,18275.16
02/27/2024 05:09,02/27/2024 07:18,18520,18530,12854,18275.45
02/27/2024 07:19,02/27/2024 08:16,18530,18540,9852,18275.68
02/27/2024 08:17,02/27/2024 08:17,18530,18520,420,18275.68
02/27/2024 08:18,02/27/2024 08:50,18520,18510,12286,18275.94
02/27/2024 08:51,02/27/2024 08:57,18520,18530,2137,18275.99
02/27/2024 08:58,02/27/2024 09:37,18530,18540,32059,18276.73
02/27/2024 09:38,02/27/2024 09:38,18530,18520,2082,18276.78
02/27/2024 09:39,02/27/2024 09:39,18520,18510,3243,18276.85
02/27/2024 09:40,02/27/2024 09:40,18510,18500,3430,18276.91
02/27/2024 09:41,02/27/2024 09:41,18490,18480,5344,18277.01
02/27/2024 09:42,02/27/2024 09:48,18470,18460,19368,18277.33
02/27/2024 09:49,02/27/2024 09:56,18470,18480,13228,18277.56
02/27/2024 09:57,02/27/2024 10:00,18480,18490,5596,18277.67
02/27/2024 10:01,02/27/2024 10:01,18500,18510,4375,18277.75
02/27/2024 10:02,02/27/2024 10:05,18510,18520,7471,18277.91
02/27/2024 10:06,02/27/2024 10:18,18510,18500,21138,18278.33
02/27/2024 10:19,02/27/2024 10:19,18510,18520,2870,18278.39
02/27/2024 10:20,02/27/2024 10:27,18520,18530,13763,18278.69
02/27/2024 10:28,02/27/2024 10:42,18520,18510,21383,18279.13
02/27/2024 10:43,02/27/2024 10:48,18510,18500,9155,18279.31
02/27/2024 10:49,02/27/2024 11:05,18520,18530,19016,18279.72
02/27/2024 11:06,02/27/2024 11:09,18520,18510,4283,18279.81
02/27/2024 11:10,02/27/2024 11:29,18510,18500,20982,18280.22
02/27/2024 11:30,02/27/2024 11:56,18500,18490,27006,18280.72
02/27/2024 11:57,02/27/2024 12:22,18500,18510,21713,18281.15
02/27/2024 12:23,02/27/2024 12:24,18500,18490,4477,18281.23
02/27/2024 12:25,02/27/2024 12:38,18490,18480,12584,18281.45
02/27/2024 12:39,02/27/2024 12:51,18480,18470,12312,18281.65
02/27/2024 12:52,02/27/2024 12:52,18470,18460,987,18281.67
02/27/2024 12:53,02/27/2024 12:55,18460,18450,3426,18281.72
02/27/2024 12:56,02/27/2024 13:12,18450,18440,26733,18282.09
02/27/2024 13:13,02/27/2024 13:56,18450,18460,33082,18282.59
02/27/2024 13:57,02/27/2024 13:59,18460,18470,3540,18282.65
02/27/2024 14:00,02/27/2024 14:06,18470,18480,6938,18282.76
02/27/2024 14:07,02/27/2024 14:15,18480,18490,6174,18282.87
02/27/2024 14:16,02/27/2024 14:16,18490,18500,1528,18282.9
02/27/2024 14:17,02/27/2024 14:30,18500,18510,14050,18283.17
02/27/2024 14:31,02/27/2024 14:34,18510,18520,5336,18283.28
02/27/2024 14:35,02/27/2024 20:00,18520,18530,96315,18285.27
02/27/2024 20:01,02/28/2024 01:22,18520,18510,11817,18285.5
02/28/2024 01:23,02/28/2024 02:28,18510,18500,3799,18285.57
02/28/2024 02:29,02/28/2024 03:20,18500,18490,5651,18285.67
02/28/2024 03:21,02/28/2024 03:24,18490,18480,779,18285.69
02/28/2024 03:25,02/28/2024 03:31,18480,18470,1495,18285.71
02/28/2024 03:32,02/28/2024 04:27,18470,18460,8929,18285.84
02/28/2024 04:28,02/28/2024 04:29,18460,18450,854,18285.86
02/28/2024 04:30,02/28/2024 04:33,18450,18440,2279,18285.89
02/28/2024 04:34,02/28/2024 04:41,18440,18430,2138,18285.91
02/28/2024 04:42,02/28/2024 05:28,18420,18410,10250,18286.02
02/28/2024 05:29,02/28/2024 05:36,18420,18430,2070,18286.05
02/28/2024 05:37,02/28/2024 05:40,18430,18440,1405,18286.07
02/28/2024 05:41,02/28/2024 06:40,18440,18450,6515,18286.16
02/28/2024 06:41,02/28/2024 07:54,18450,18460,11151,18286.32
02/28/2024 07:55,02/28/2024 08:31,18450,18440,8294,18286.43
02/28/2024 08:32,02/28/2024 08:40,18450,18460,5931,18286.51
02/28/2024 08:41,02/28/2024 09:32,18450,18440,28607,18286.89
02/28/2024 09:33,02/28/2024 09:33,18440,18430,4724,18286.95
02/28/2024 09:34,02/28/2024 09:35,18430,18420,7438,18287.03
02/28/2024 09:36,02/28/2024 09:43,18440,18450,18456,18287.28
02/28/2024 09:44,02/28/2024 09:47,18440,18430,9789,18287.4
02/28/2024 09:48,02/28/2024 09:50,18430,18420,7580,18287.49
02/28/2024 09:51,02/28/2024 10:08,18410,18400,40910,18287.89
02/28/2024 10:09,02/28/2024 10:12,18410,18420,8434,18287.98
02/28/2024 10:13,02/28/2024 10:27,18420,18430,17455,18288.18
02/28/2024 10:28,02/28/2024 10:35,18420,18410,10812,18288.29
02/28/2024 10:36,02/28/2024 11:00,18420,18430,23473,18288.56
02/28/2024 11:01,02/28/2024 11:01,18440,18450,4939,18288.63
02/28/2024 11:02,02/28/2024 11:20,18450,18460,20155,18288.91
02/28/2024 11:21,02/28/2024 11:38,18460,18470,14428,18289.12
02/28/2024 11:39,02/28/2024 12:02,18470,18480,17892,18289.4
02/28/2024 12:03,02/28/2024 12:21,18470,18460,12749,18289.58
02/28/2024 12:22,02/28/2024 12:27,18460,18450,4200,18289.64
02/28/2024 12:28,02/28/2024 12:33,18450,18440,5896,18289.72
02/28/2024 12:34,02/28/2024 12:34,18440,18430,2815,18289.75
02/28/2024 12:35,02/28/2024 13:10,18430,18420,29578,18290.08
02/28/2024 13:11,02/28/2024 13:16,18420,18410,4905,18290.13
02/28/2024 13:17,02/28/2024 13:22,18420,18430,4785,18290.18
02/28/2024 13:23,02/28/2024 13:30,18430,18440,5497,18290.25
02/28/2024 13:31,02/28/2024 13:38,18440,18450,6720,18290.33
02/28/2024 13:39,02/28/2024 14:08,18450,18460,21056,18290.62
02/28/2024 14:09,02/28/2024 14:11,18450,18440,2666,18290.65
02/28/2024 14:12,02/28/2024 14:15,18440,18430,5331,18290.72
02/28/2024 14:16,02/28/2024 14:35,18430,18420,15905,18290.89
02/28/2024 14:36,02/28/2024 14:51,18420,18410,13581,18291.03
02/28/2024 14:52,02/28/2024 14:56,18410,18400,5169,18291.07
02/28/2024 14:57,02/28/2024 15:02,18410,18420,5358,18291.13
02/28/2024 15:03,02/28/2024 15:10,18420,18430,8130,18291.22
02/28/2024 15:11,02/28/2024 15:23,18420,18410,8127,18291.3
02/28/2024 15:24,02/28/2024 15:53,18420,18430,21989,18291.54
02/28/2024 15:54,02/28/2024 16:05,18420,18410,22421,18291.77
02/28/2024 16:06,02/28/2024 16:06,18410,18400,716,18291.77
02/28/2024 16:07,02/28/2024 16:17,18400,18390,5982,18291.82
02/28/2024 16:18,02/28/2024 16:38,18390,18380,3787,18291.85
02/28/2024 16:39,02/28/2024 16:49,18380,18370,2604,18291.87
02/28/2024 16:50,02/28/2024 17:00,18370,18360,2355,18291.88
02/28/2024 18:01,02/28/2024 19:06,18370,18380,4808,18291.92
02/28/2024 19:07,02/28/2024 19:27,18380,18390,1721,18291.93
02/28/2024 19:28,02/28/2024 19:44,18390,18400,1486,18291.94
02/28/2024 19:45,02/28/2024 21:56,18400,18410,7879,18292.01
02/28/2024 21:57,02/28/2024 23:28,18410,18420,4064,18292.06
02/28/2024 23:29,02/29/2024 00:03,18420,18430,2774,18292.09
02/29/2024 00:04,02/29/2024 01:44,18430,18440,4844,18292.14
02/29/2024 01:45,02/29/2024 02:00,18430,18420,1019,18292.15
02/29/2024 02:01,02/29/2024 02:57,18420,18410,5000,18292.2
02/29/2024 02:58,02/29/2024 03:08,18410,18400,1987,18292.22
02/29/2024 03:09,02/29/2024 03:09,18400,18390,418,18292.22
02/29/2024 03:10,02/29/2024 03:10,18390,18380,671,18292.23
02/29/2024 03:11,02/29/2024 03:11,18370,18360,1854,18292.24
02/29/2024 03:12,02/29/2024 03:17,18360,18350,3065,18292.26
02/29/2024 03:18,02/29/2024 03:39,18360,18370,3938,18292.28
02/29/2024 03:40,02/29/2024 04:06,18370,18380,4743,18292.31
02/29/2024 04:07,02/29/2024 04:36,18370,18360,4329,18292.34
02/29/2024 04:37,02/29/2024 05:23,18370,18380,5087,18292.37
02/29/2024 05:24,02/29/2024 06:07,18380,18390,4893,18292.41
02/29/2024 06:08,02/29/2024 07:20,18390,18400,6657,18292.46
02/29/2024 07:21,02/29/2024 08:30,18390,18380,10812,18292.54
02/29/2024 08:31,02/29/2024 08:31,18430,18440,4902,18292.6
02/29/2024 08:32,02/29/2024 08:34,18450,18460,5751,18292.68
02/29/2024 08:35,02/29/2024 08:35,18460,18470,1400,18292.7
02/29/2024 08:36,02/29/2024 08:39,18480,18490,8201,18292.83
02/29/2024 08:40,02/29/2024 08:40,18490,18500,829,18292.84
02/29/2024 08:41,02/29/2024 08:51,18510,18520,13592,18293.08
02/29/2024 08:52,02/29/2024 09:11,18520,18530,15074,18293.37
02/29/2024 09:12,02/29/2024 09:30,18530,18540,10527,18293.57
02/29/2024 09:31,02/29/2024 09:34,18550,18560,19664,18293.99
02/29/2024 09:35,02/29/2024 09:35,18560,18570,3522,18294.07
02/29/2024 09:36,02/29/2024 09:39,18570,18580,11728,18294.33
02/29/2024 09:40,02/29/2024 09:46,18570,18560,13333,18294.62
02/29/2024 09:47,02/29/2024 09:55,18560,18550,15242,18294.94
02/29/2024 09:56,02/29/2024 10:10,18560,18570,25478,18295.49
02/29/2024 10:11,02/29/2024 10:11,18540,18530,5628,18295.6
02/29/2024 10:12,02/29/2024 10:13,18530,18520,6859,18295.72
02/29/2024 10:14,02/29/2024 10:18,18510,18500,14039,18295.95
02/29/2024 10:19,02/29/2024 10:23,18510,18520,7653,18296.09
02/29/2024 10:24,02/29/2024 10:39,18520,18530,16975,18296.4
02/29/2024 10:40,02/29/2024 10:43,18530,18540,4868,18296.49
02/29/2024 10:44,02/29/2024 10:49,18530,18520,10277,18296.68
02/29/2024 10:50,02/29/2024 10:53,18530,18540,6098,18296.8
02/29/2024 10:54,02/29/2024 10:54,18530,18520,1404,18296.82
02/29/2024 10:55,02/29/2024 11:01,18520,18510,9853,18296.99
02/29/2024 11:02,02/29/2024 11:02,18510,18500,1951,18297.02
02/29/2024 11:03,02/29/2024 11:06,18500,18490,8447,18297.15
02/29/2024 11:07,02/29/2024 11:14,18500,18510,7935,18297.29
02/29/2024 11:15,02/29/2024 11:29,18510,18520,13483,18297.52
02/29/2024 11:30,02/29/2024 11:30,18510,18500,1787,18297.55
02/29/2024 11:31,02/29/2024 11:34,18500,18490,6850,18297.65
02/29/2024 11:35,02/29/2024 11:38,18480,18470,7407,18297.76
02/29/2024 11:39,02/29/2024 11:39,18460,18450,4638,18297.81
02/29/2024 11:40,02/29/2024 11:40,18450,18440,3609,18297.86
02/29/2024 11:41,02/29/2024 11:44,18430,18420,12111,18297.98
02/29/2024 11:45,02/29/2024 11:47,18430,18440,5520,18298.04
02/29/2024 11:48,02/29/2024 11:48,18440,18450,1440,18298.05
02/29/2024 11:49,02/29/2024 11:49,18450,18460,2694,18298.09
02/29/2024 11:50,02/29/2024 11:53,18460,18470,6615,18298.18
02/29/2024 11:54,02/29/2024 11:59,18470,18480,8642,18298.3
02/29/2024 12:00,02/29/2024 12:01,18480,18490,4226,18298.36
02/29/2024 12:02,02/29/2024 12:02,18490,18500,1644,18298.39
02/29/2024 12:03,02/29/2024 12:29,18500,18510,27439,18298.83
02/29/2024 12:30,02/29/2024 12:48,18500,18490,16634,18299.09
02/29/2024 12:49,02/29/2024 12:53,18500,18510,6385,18299.19
02/29/2024 12:54,02/29/2024 12:56,18510,18520,4423,18299.27
02/29/2024 12:57,02/29/2024 13:02,18520,18530,6134,18299.38
02/29/2024 13:03,02/29/2024 13:10,18530,18540,6291,18299.49
02/29/2024 13:11,02/29/2024 14:17,18540,18550,51144,18300.48
02/29/2024 14:18,02/29/2024 14:26,18550,18560,7885,18300.64
02/29/2024 14:27,02/29/2024 14:44,18550,18540,13304,18300.89
02/29/2024 14:45,02/29/2024 15:00,18540,18530,12248,18301.11
02/29/2024 15:01,02/29/2024 15:27,18540,18550,17101,18301.44
02/29/2024 15:28,02/29/2024 15:40,18550,18560,11739,18301.67
02/29/2024 15:41,02/29/2024 15:48,18560,18570,7657,18301.83
02/29/2024 15:49,02/29/2024 15:51,18570,18580,6764,18301.97
02/29/2024 15:52,02/29/2024 15:55,18580,18590,7747,18302.14
02/29/2024 15:56,02/29/2024 15:56,18590,18600,3696,18302.23
02/29/2024 15:57,02/29/2024 15:59,18600,18610,10598,18302.48
02/29/2024 16:00,02/29/2024 16:03,18590,18580,25576,18303.03
02/29/2024 16:04,02/29/2024 16:05,18580,18570,2123,18303.08
02/29/2024 16:06,02/29/2024 16:21,18570,18560,7298,18303.22
02/29/2024 16:22,02/29/2024 16:29,18570,18580,1275,18303.25
02/29/2024 16:30,02/29/2024 18:22,18580,18590,6356,18303.39
02/29/2024 18:23,02/29/2024 18:32,18580,18570,1291,18303.42
02/29/2024 18:33,02/29/2024 19:03,18570,18560,3161,18303.48
02/29/2024 19:04,02/29/2024 19:52,18570,18580,3027,18303.54
02/29/2024 19:53,02/29/2024 20:36,18580,18590,3328,18303.62
02/29/2024 20:37,02/29/2024 20:40,18590,18600,724,18303.63
02/29/2024 20:41,02/29/2024 20:55,18600,18610,2102,18303.68
02/29/2024 20:56,02/29/2024 21:28,18610,18620,3098,18303.76
02/29/2024 21:29,02/29/2024 22:05,18620,18630,2492,18303.82
02/29/2024 22:06,02/29/2024 23:59,18630,18640,5279,18303.95
