Time_Start,Time_End,Renko_Open,Renko_Close,Volume,Moving_Average,Median
2/1/2024 0:00,2/1/2024 0:54,17820,17830,2539,0,0
2/1/2024 0:55,2/1/2024 1:27,17820,17810,1459,0,0
2/1/2024 1:28,2/1/2024 1:55,17810,17800,2298,0,0
2/1/2024 1:56,2/1/2024 1:57,17800,17790,516,0,0
2/1/2024 1:58,2/1/2024 2:33,17790,17780,4621,17802,17800
2/1/2024 2:34,2/1/2024 2:38,17790,17800,882,17796,17800
2/1/2024 2:39,2/1/2024 2:40,17800,17810,312,17796,17800
2/1/2024 2:41,2/1/2024 2:58,17810,17820,2659,17800,17800
2/1/2024 2:59,2/1/2024 3:17,17820,17830,4278,17808,17810
2/1/2024 3:18,2/1/2024 3:21,17830,17840,1065,17820,17820
2/1/2024 3:22,2/1/2024 3:29,17840,17850,1952,17830,17830
2/1/2024 3:30,2/1/2024 3:36,17850,17860,1727,17840,17840
2/1/2024 3:37,2/1/2024 3:51,17850,17840,3453,17844,17840
2/1/2024 3:52,2/1/2024 4:05,17850,17860,2306,17850,17850
2/1/2024 4:06,2/1/2024 5:45,17850,17840,11080,17850,17850
2/1/2024 5:46,2/1/2024 6:53,17850,17860,8625,17852,17860
2/1/2024 6:54,2/1/2024 7:08,17850,17840,2610,17848,17840
2/1/2024 7:09,2/1/2024 7:44,17850,17860,5922,17852,17860
2/1/2024 7:45,2/1/2024 8:03,17860,17870,4030,17854,17860
2/1/2024 8:04,2/1/2024 8:09,17860,17850,1505,17856,17860
2/1/2024 8:10,2/1/2024 8:14,17850,17840,1447,17852,17850
2/1/2024 8:15,2/1/2024 8:16,17840,17830,1494,17850,17850
2/1/2024 8:17,2/1/2024 8:30,17830,17820,5529,17842,17840
2/1/2024 8:31,2/1/2024 8:38,17840,17850,5705,17838,17840
2/1/2024 8:39,2/1/2024 9:04,17850,17860,9538,17840,17840
2/1/2024 9:05,2/1/2024 9:23,17850,17840,6981,17840,17840
2/1/2024 9:24,2/1/2024 9:28,17840,17830,2829,17840,17840
2/1/2024 9:29,2/1/2024 9:34,17830,17820,18770,17840,17840
2/1/2024 9:35,2/1/2024 9:55,17830,17840,44295,17838,17840
2/1/2024 9:56,2/1/2024 9:56,17830,17820,1508,17830,17830
2/1/2024 9:57,2/1/2024 9:59,17820,17810,5400,17824,17820
2/1/2024 10:00,2/1/2024 10:04,17810,17800,14197,17818,17820
2/1/2024 10:05,2/1/2024 10:07,17810,17820,7045,17818,17820
2/1/2024 10:08,2/1/2024 10:08,17820,17830,2455,17816,17820
2/1/2024 10:09,2/1/2024 10:09,17840,17850,2622,17822,17820
2/1/2024 10:10,2/1/2024 10:21,17850,17860,20845,17832,17830
2/1/2024 10:22,2/1/2024 10:26,17840,17830,8588,17838,17830
2/1/2024 10:27,2/1/2024 10:28,17850,17860,3079,17846,17850
2/1/2024 10:29,2/1/2024 10:49,17860,17870,27494,17854,17860
2/1/2024 10:50,2/1/2024 10:50,17860,17850,1686,17854,17860
2/1/2024 10:51,2/1/2024 10:52,17840,17830,4944,17848,17850
2/1/2024 10:53,2/1/2024 10:53,17830,17820,2016,17846,17850
2/1/2024 10:54,2/1/2024 10:56,17820,17810,7617,17836,17830
2/1/2024 10:57,2/1/2024 10:59,17810,17800,4930,17822,17820
2/1/2024 11:00,2/1/2024 11:33,17800,17790,45937,17810,17810
2/1/2024 11:34,2/1/2024 11:34,17800,17810,2642,17806,17810
2/1/2024 11:35,2/1/2024 11:39,17810,17820,5620,17806,17810
2/1/2024 11:40,2/1/2024 12:00,17820,17830,20581,17810,17810
2/1/2024 12:01,2/1/2024 12:03,17830,17840,3711,17818,17820
2/1/2024 12:04,2/1/2024 12:04,17840,17850,1711,17830,17830
2/1/2024 12:05,2/1/2024 12:05,17850,17860,2925,17840,17840
2/1/2024 12:06,2/1/2024 12:06,17860,17870,1743,17850,17850
2/1/2024 12:07,2/1/2024 12:09,17870,17880,6310,17860,17860
2/1/2024 12:10,2/1/2024 12:22,17880,17890,17084,17870,17870
2/1/2024 12:23,2/1/2024 12:28,17880,17870,4787,17874,17870
2/1/2024 12:29,2/1/2024 12:48,17870,17860,20182,17874,17870
2/1/2024 12:49,2/1/2024 12:49,17870,17880,1276,17876,17880
2/1/2024 12:50,2/1/2024 12:51,17880,17890,3262,17878,17880
2/1/2024 12:52,2/1/2024 12:54,17890,17900,4186,17880,17880
2/1/2024 12:55,2/1/2024 12:55,17900,17910,1116,17888,17890
2/1/2024 12:56,2/1/2024 12:57,17910,17920,3366,17900,17900
2/1/2024 12:58,2/1/2024 12:58,17910,17900,2564,17904,17900
2/1/2024 12:59,2/1/2024 13:01,17900,17890,4765,17904,17900
2/1/2024 13:02,2/1/2024 13:03,17890,17880,2737,17900,17900
2/1/2024 13:04,2/1/2024 13:04,17880,17870,1305,17892,17890
2/1/2024 13:05,2/1/2024 13:06,17870,17860,3205,17880,17880
2/1/2024 13:07,2/1/2024 13:12,17860,17850,8890,17870,17870
2/1/2024 13:13,2/1/2024 13:13,17860,17870,665,17866,17870
2/1/2024 13:14,2/1/2024 13:25,17870,17880,10479,17866,17870
2/1/2024 13:26,2/1/2024 13:31,17880,17890,5049,17870,17870
2/1/2024 13:32,2/1/2024 13:37,17890,17900,7599,17878,17880
2/1/2024 13:38,2/1/2024 13:39,17880,17870,5286,17882,17880
2/1/2024 13:40,2/1/2024 13:47,17870,17860,9142,17880,17880
2/1/2024 13:48,2/1/2024 13:52,17870,17880,3961,17880,17880
2/1/2024 13:53,2/1/2024 14:06,17880,17890,10161,17880,17880
2/1/2024 14:07,2/1/2024 14:09,17890,17900,2481,17880,17880
2/1/2024 14:10,2/1/2024 14:12,17900,17910,5359,17888,17890
2/1/2024 14:13,2/1/2024 14:19,17900,17890,6171,17894,17890
2/1/2024 14:20,2/1/2024 14:45,17900,17910,18490,17900,17900
2/1/2024 14:46,2/1/2024 14:46,17910,17920,1949,17906,17910
2/1/2024 14:47,2/1/2024 14:57,17920,17930,12642,17912,17910
2/1/2024 14:58,2/1/2024 15:04,17930,17940,5742,17918,17920
2/1/2024 15:05,2/1/2024 15:40,17940,17950,27611,17930,17930
2/1/2024 15:41,2/1/2024 15:49,17950,17960,7915,17940,17940
2/1/2024 15:50,2/1/2024 15:50,17950,17940,1026,17944,17940
2/1/2024 15:51,2/1/2024 15:52,17940,17930,3359,17944,17940
2/1/2024 15:53,2/1/2024 15:58,17930,17920,8905,17940,17940
2/1/2024 15:59,2/1/2024 15:59,17930,17940,1624,17938,17940
2/1/2024 16:00,2/1/2024 16:01,17940,17950,10486,17936,17940
2/1/2024 16:02,2/1/2024 16:05,17960,17970,7172,17942,17940
2/1/2024 16:06,2/1/2024 16:06,17990,18000,4341,17956,17950
2/1/2024 16:07,2/1/2024 16:07,18000,18010,2197,17974,17970
2/1/2024 16:08,2/1/2024 16:11,18020,18030,8159,17992,18000
2/1/2024 16:12,2/1/2024 16:12,18030,18040,789,18010,18010
2/1/2024 16:13,2/1/2024 16:15,18040,18050,4282,18026,18030
2/1/2024 16:16,2/1/2024 16:16,18050,18060,1201,18038,18040
2/1/2024 16:17,2/1/2024 16:28,18060,18070,7526,18050,18050
2/1/2024 16:29,2/1/2024 16:29,18070,18080,288,18060,18060
2/1/2024 16:30,2/1/2024 16:39,18080,18090,10704,18070,18070
2/1/2024 16:40,2/1/2024 16:41,18090,18100,1332,18080,18080
2/1/2024 16:42,2/1/2024 16:49,18100,18110,4178,18090,18090
2/1/2024 16:50,2/1/2024 16:50,18120,18130,955,18102,18100
2/1/2024 16:51,2/1/2024 17:00,18130,18140,4604,18114,18110
2/1/2024 18:01,2/1/2024 18:06,18120,18110,2885,18118,18110
2/1/2024 18:07,2/1/2024 20:09,18110,18100,11732,18118,18110
2/1/2024 20:10,2/1/2024 20:34,18110,18120,2284,18120,18120
2/1/2024 20:35,2/2/2024 1:15,18120,18130,14505,18120,18120
2/2/2024 1:16,2/2/2024 3:01,18120,18110,8861,18114,18110
2/2/2024 3:02,2/2/2024 3:38,18110,18100,5589,18112,18110
2/2/2024 3:39,2/2/2024 3:51,18110,18120,1913,18116,18120
2/2/2024 3:52,2/2/2024 4:03,18120,18130,2503,18118,18120
2/2/2024 4:04,2/2/2024 4:38,18130,18140,6598,18120,18120
2/2/2024 4:39,2/2/2024 7:24,18130,18120,18768,18122,18120
2/2/2024 7:25,2/2/2024 7:27,18130,18140,1190,18130,18130
2/2/2024 7:28,2/2/2024 7:52,18140,18150,4433,18136,18140
2/2/2024 7:53,2/2/2024 8:25,18140,18130,8249,18136,18140
2/2/2024 8:26,2/2/2024 8:30,18130,18120,1698,18132,18130
2/2/2024 8:31,2/2/2024 8:36,18050,18040,16177,18116,18130
2/2/2024 8:37,2/2/2024 8:40,18040,18030,5414,18094,18120
2/2/2024 8:41,2/2/2024 8:41,18040,18050,1405,18074,18050
2/2/2024 8:42,2/2/2024 8:43,18050,18060,3169,18060,18050
2/2/2024 8:44,2/2/2024 8:47,18060,18070,4437,18050,18050
2/2/2024 8:48,2/2/2024 8:49,18060,18050,1727,18052,18050
2/2/2024 8:50,2/2/2024 8:54,18050,18040,3553,18054,18050
2/2/2024 8:55,2/2/2024 8:56,18040,18030,2396,18050,18050
2/2/2024 8:57,2/2/2024 8:57,18020,18010,2443,18040,18040
2/2/2024 8:58,2/2/2024 9:06,18010,18000,9738,18026,18030
2/2/2024 9:07,2/2/2024 9:24,18010,18020,12055,18020,18020
2/2/2024 9:25,2/2/2024 9:32,18010,18000,16152,18012,18010
2/2/2024 9:33,2/2/2024 9:34,18000,17990,8981,18004,18000
2/2/2024 9:35,2/2/2024 9:35,18010,18020,4469,18006,18000
2/2/2024 9:36,2/2/2024 9:36,18020,18030,4320,18012,18020
2/2/2024 9:37,2/2/2024 9:37,18030,18040,3399,18016,18020
2/2/2024 9:38,2/2/2024 9:38,18040,18050,4378,18026,18030
2/2/2024 9:39,2/2/2024 9:42,18050,18060,13705,18040,18040
2/2/2024 9:43,2/2/2024 9:44,18060,18070,6477,18050,18050
2/2/2024 9:45,2/2/2024 9:45,18070,18080,3049,18060,18060
2/2/2024 9:46,2/2/2024 9:46,18090,18100,5725,18072,18070
2/2/2024 9:47,2/2/2024 9:47,18100,18110,3543,18084,18080
2/2/2024 9:48,2/2/2024 9:49,18110,18120,7381,18096,18100
2/2/2024 9:50,2/2/2024 9:50,18110,18100,3610,18102,18100
2/2/2024 9:51,2/2/2024 9:53,18100,18090,9413,18104,18100
2/2/2024 9:54,2/2/2024 9:56,18090,18080,6554,18100,18100
2/2/2024 9:57,2/2/2024 9:57,18090,18100,2989,18098,18100
2/2/2024 9:58,2/2/2024 10:02,18100,18110,8823,18096,18100
2/2/2024 10:03,2/2/2024 10:04,18110,18120,4392,18100,18100
2/2/2024 10:05,2/2/2024 10:09,18110,18100,9634,18102,18100
2/2/2024 10:10,2/2/2024 10:16,18100,18090,14184,18104,18100
2/2/2024 10:17,2/2/2024 10:24,18100,18110,13961,18106,18110
2/2/2024 10:25,2/2/2024 10:26,18110,18120,5663,18108,18110
2/2/2024 10:27,2/2/2024 10:31,18110,18100,9620,18104,18100
2/2/2024 10:32,2/2/2024 10:32,18090,18080,3237,18100,18100
2/2/2024 10:33,2/2/2024 10:34,18080,18070,5293,18096,18100
2/2/2024 10:35,2/2/2024 10:38,18080,18090,6905,18092,18090
2/2/2024 10:39,2/2/2024 10:39,18090,18100,2703,18088,18090
2/2/2024 10:40,2/2/2024 10:40,18110,18120,2676,18092,18090
2/2/2024 10:41,2/2/2024 10:42,18120,18130,5950,18102,18100
2/2/2024 10:43,2/2/2024 10:43,18140,18150,3288,18118,18120
2/2/2024 10:44,2/2/2024 10:57,18150,18160,24553,18132,18130
2/2/2024 10:58,2/2/2024 11:01,18160,18170,5999,18146,18150
2/2/2024 11:02,2/2/2024 11:02,18150,18140,2296,18150,18150
2/2/2024 11:03,2/2/2024 11:10,18140,18130,11417,18150,18150
2/2/2024 11:11,2/2/2024 11:12,18140,18150,1968,18150,18150
2/2/2024 11:13,2/2/2024 11:28,18150,18160,17027,18150,18150
2/2/2024 11:29,2/2/2024 11:29,18160,18170,1305,18150,18150
2/2/2024 11:30,2/2/2024 11:30,18170,18180,3001,18158,18160
2/2/2024 11:31,2/2/2024 11:39,18180,18190,11760,18170,18170
2/2/2024 11:40,2/2/2024 11:45,18190,18200,6441,18180,18180
2/2/2024 11:46,2/2/2024 11:51,18200,18210,7154,18190,18190
2/2/2024 11:52,2/2/2024 12:19,18210,18220,27450,18200,18200
2/2/2024 12:20,2/2/2024 12:28,18220,18230,8445,18210,18210
2/2/2024 12:29,2/2/2024 12:31,18240,18250,7047,18222,18220
2/2/2024 12:32,2/2/2024 12:43,18250,18260,11008,18234,18230
2/2/2024 12:44,2/2/2024 12:44,18250,18240,3080,18240,18240
2/2/2024 12:45,2/2/2024 12:45,18210,18200,5755,18236,18240
2/2/2024 12:46,2/2/2024 12:51,18200,18190,16769,18228,18240
2/2/2024 12:52,2/2/2024 12:58,18190,18180,8443,18214,18200
2/2/2024 12:59,2/2/2024 12:59,18190,18200,1128,18202,18200
2/2/2024 13:00,2/2/2024 13:01,18210,18220,4389,18198,18200
2/2/2024 13:02,2/2/2024 13:06,18220,18230,6137,18204,18200
2/2/2024 13:07,2/2/2024 13:26,18230,18240,22869,18214,18220
2/2/2024 13:27,2/2/2024 13:45,18220,18210,22684,18220,18220
2/2/2024 13:46,2/2/2024 13:50,18220,18230,5029,18226,18230
2/2/2024 13:51,2/2/2024 14:02,18230,18240,8062,18230,18230
2/2/2024 14:03,2/2/2024 14:11,18240,18250,7776,18234,18240
2/2/2024 14:12,2/2/2024 14:15,18250,18260,4320,18238,18240
2/2/2024 14:16,2/2/2024 14:41,18260,18270,23972,18250,18250
2/2/2024 14:42,2/2/2024 14:55,18270,18280,13472,18260,18260
2/2/2024 14:56,2/2/2024 15:10,18270,18260,11935,18264,18260
2/2/2024 15:11,2/2/2024 15:23,18270,18280,8805,18270,18270
2/2/2024 15:24,2/2/2024 15:27,18260,18250,4884,18268,18270
2/2/2024 15:28,2/2/2024 15:59,18260,18270,39027,18268,18270
2/2/2024 16:00,2/2/2024 16:00,18260,18250,9932,18262,18260
2/2/2024 16:01,2/2/2024 16:01,18240,18230,6177,18256,18250
2/2/2024 16:02,2/2/2024 16:39,18230,18220,10702,18244,18250
2/2/2024 16:40,2/2/2024 16:57,18220,18210,3006,18236,18230
2/2/2024 16:58,2/2/2024 17:00,18210,18200,697,18222,18220
2/4/2024 18:01,2/4/2024 18:05,18210,18220,1443,18216,18220
2/4/2024 18:06,2/4/2024 19:00,18220,18230,4561,18216,18220
2/4/2024 19:01,2/4/2024 19:07,18220,18210,2895,18214,18210
2/4/2024 19:08,2/4/2024 19:21,18220,18230,2876,18218,18220
2/4/2024 19:22,2/4/2024 19:31,18220,18210,2144,18220,18220
2/4/2024 19:32,2/4/2024 19:45,18210,18200,2003,18216,18210
2/4/2024 19:46,2/4/2024 20:16,18200,18190,4107,18208,18210
2/4/2024 20:17,2/5/2024 0:16,18190,18180,13678,18202,18200
2/5/2024 0:17,2/5/2024 1:09,18190,18200,3777,18196,18200
2/5/2024 1:10,2/5/2024 3:11,18200,18210,10610,18196,18200
2/5/2024 3:12,2/5/2024 3:45,18210,18220,3730,18200,18200
2/5/2024 3:46,2/5/2024 4:23,18220,18230,5525,18208,18210
2/5/2024 4:24,2/5/2024 4:49,18220,18210,3317,18214,18210
2/5/2024 4:50,2/5/2024 4:52,18210,18200,1146,18214,18210
2/5/2024 4:53,2/5/2024 5:24,18200,18190,3668,18210,18210
2/5/2024 5:25,2/5/2024 5:30,18200,18210,695,18208,18210
2/5/2024 5:31,2/5/2024 5:38,18210,18220,1607,18206,18210
2/5/2024 5:39,2/5/2024 7:21,18220,18230,14208,18210,18210
2/5/2024 7:22,2/5/2024 8:29,18230,18240,16441,18218,18220
2/5/2024 8:30,2/5/2024 8:42,18230,18220,3575,18224,18220
2/5/2024 8:43,2/5/2024 9:28,18220,18210,14843,18224,18220
2/5/2024 9:29,2/5/2024 9:34,18220,18230,18879,18226,18230
2/5/2024 9:35,2/5/2024 9:38,18230,18240,11330,18228,18230
2/5/2024 9:39,2/5/2024 9:40,18230,18220,5627,18224,18220
2/5/2024 9:41,2/5/2024 9:50,18220,18210,20069,18222,18220
2/5/2024 9:51,2/5/2024 9:56,18200,18190,9321,18218,18220
2/5/2024 9:57,2/5/2024 10:02,18200,18210,12075,18214,18210
2/5/2024 10:03,2/5/2024 10:03,18200,18190,2051,18204,18210
2/5/2024 10:04,2/5/2024 10:04,18190,18180,3717,18196,18190
2/5/2024 10:05,2/5/2024 10:06,18180,18170,7080,18188,18190
2/5/2024 10:07,2/5/2024 10:08,18180,18190,4266,18188,18190
2/5/2024 10:09,2/5/2024 10:15,18180,18170,12315,18180,18180
2/5/2024 10:16,2/5/2024 10:18,18160,18150,6977,18172,18170
2/5/2024 10:19,2/5/2024 10:40,18130,18120,39888,18160,18170
2/5/2024 10:41,2/5/2024 10:41,18110,18100,3446,18146,18150
2/5/2024 10:42,2/5/2024 10:42,18100,18090,2851,18126,18120
2/5/2024 10:43,2/5/2024 10:49,18080,18070,15415,18106,18100
2/5/2024 10:50,2/5/2024 10:56,18080,18090,8755,18094,18090
2/5/2024 10:57,2/5/2024 11:06,18090,18100,11085,18090,18090
2/5/2024 11:07,2/5/2024 11:07,18100,18110,1021,18092,18090
2/5/2024 11:08,2/5/2024 11:18,18110,18120,11772,18098,18100
2/5/2024 11:19,2/5/2024 11:32,18120,18130,16140,18110,18110
2/5/2024 11:33,2/5/2024 11:34,18130,18140,1995,18120,18120
2/5/2024 11:35,2/5/2024 11:53,18140,18150,19396,18130,18130
2/5/2024 11:54,2/5/2024 11:59,18150,18160,6175,18140,18140
2/5/2024 12:00,2/5/2024 12:08,18160,18170,7893,18150,18150
2/5/2024 12:09,2/5/2024 12:12,18170,18180,4456,18160,18160
2/5/2024 12:13,2/5/2024 12:30,18180,18190,15256,18170,18170
2/5/2024 12:31,2/5/2024 12:37,18190,18200,8733,18180,18180
2/5/2024 12:38,2/5/2024 12:38,18200,18210,832,18190,18190
2/5/2024 12:39,2/5/2024 13:01,18210,18220,21442,18200,18200
2/5/2024 13:02,2/5/2024 13:13,18210,18200,12179,18204,18200
2/5/2024 13:14,2/5/2024 13:14,18210,18220,680,18210,18210
2/5/2024 13:15,2/5/2024 13:21,18220,18230,6655,18216,18220
2/5/2024 13:22,2/5/2024 13:25,18220,18210,3217,18216,18220
2/5/2024 13:26,2/5/2024 14:26,18210,18200,43691,18212,18210
2/5/2024 14:27,2/5/2024 14:33,18210,18220,5559,18216,18220
2/5/2024 14:34,2/5/2024 14:35,18220,18230,1987,18218,18220
2/5/2024 14:36,2/5/2024 14:46,18230,18240,11259,18220,18220
2/5/2024 14:47,2/5/2024 15:03,18240,18250,11249,18228,18230
2/5/2024 15:04,2/5/2024 15:07,18240,18230,3931,18234,18230
2/5/2024 15:08,2/5/2024 15:12,18230,18220,6070,18234,18230
2/5/2024 15:13,2/5/2024 15:13,18220,18210,794,18230,18230
2/5/2024 15:14,2/5/2024 15:15,18210,18200,3190,18222,18220
2/5/2024 15:16,2/5/2024 15:25,18200,18190,11478,18210,18210
2/5/2024 15:26,2/5/2024 15:27,18200,18210,1994,18206,18210
2/5/2024 15:28,2/5/2024 15:50,18210,18220,21974,18206,18210
2/5/2024 15:51,2/5/2024 15:59,18220,18230,16031,18210,18210
2/5/2024 16:00,2/5/2024 16:00,18220,18210,7914,18212,18210
2/5/2024 16:01,2/5/2024 19:46,18210,18200,23547,18214,18210
2/5/2024 19:47,2/5/2024 20:57,18210,18220,3824,18216,18220
2/5/2024 20:58,2/5/2024 21:41,18220,18230,2337,18218,18220
2/5/2024 21:42,2/5/2024 23:53,18230,18240,6462,18220,18220
2/5/2024 23:54,2/6/2024 0:03,18240,18250,1374,18228,18230
2/6/2024 0:04,2/6/2024 2:21,18250,18260,9510,18240,18240
2/6/2024 2:22,2/6/2024 4:11,18260,18270,13336,18250,18250
2/6/2024 4:12,2/6/2024 4:55,18260,18250,4864,18254,18250
2/6/2024 4:56,2/6/2024 5:34,18250,18240,4895,18254,18250
2/6/2024 5:35,2/6/2024 6:01,18240,18230,2695,18250,18250
2/6/2024 6:02,2/6/2024 6:32,18240,18250,3321,18248,18250
2/6/2024 6:33,2/6/2024 6:34,18240,18230,393,18240,18240
2/6/2024 6:35,2/6/2024 6:36,18230,18220,1645,18234,18230
2/6/2024 6:37,2/6/2024 6:37,18220,18210,663,18228,18230
2/6/2024 6:38,2/6/2024 6:39,18210,18200,1621,18222,18220
2/6/2024 6:40,2/6/2024 7:43,18200,18190,14740,18210,18210
2/6/2024 7:44,2/6/2024 8:03,18200,18210,3813,18206,18210
2/6/2024 8:04,2/6/2024 8:09,18210,18220,1983,18206,18210
2/6/2024 8:10,2/6/2024 8:16,18220,18230,1996,18210,18210
2/6/2024 8:17,2/6/2024 8:51,18230,18240,8040,18218,18220
2/6/2024 8:52,2/6/2024 9:20,18240,18250,7570,18230,18230
2/6/2024 9:21,2/6/2024 9:30,18250,18260,3693,18240,18240
2/6/2024 9:31,2/6/2024 9:32,18260,18270,9521,18250,18250
2/6/2024 9:33,2/6/2024 9:35,18260,18250,10474,18254,18250
2/6/2024 9:36,2/6/2024 9:36,18240,18230,4511,18252,18250
2/6/2024 9:37,2/6/2024 9:48,18230,18220,30472,18246,18250
2/6/2024 9:49,2/6/2024 9:50,18220,18210,7946,18236,18230
2/6/2024 9:51,2/6/2024 9:51,18200,18190,4041,18220,18220
2/6/2024 9:52,2/6/2024 9:59,18190,18180,19026,18206,18210
2/6/2024 10:00,2/6/2024 10:00,18180,18170,3117,18194,18190
2/6/2024 10:01,2/6/2024 10:02,18170,18160,6728,18182,18180
2/6/2024 10:03,2/6/2024 10:09,18160,18150,17393,18170,18170
2/6/2024 10:10,2/6/2024 10:10,18150,18140,1964,18160,18160
2/6/2024 10:11,2/6/2024 10:15,18140,18130,10697,18150,18150
2/6/2024 10:16,2/6/2024 10:18,18140,18150,6254,18146,18150
2/6/2024 10:19,2/6/2024 10:24,18150,18160,12276,18146,18150
2/6/2024 10:25,2/6/2024 10:25,18140,18130,2905,18142,18140
2/6/2024 10:26,2/6/2024 10:30,18130,18120,12429,18138,18130
2/6/2024 10:31,2/6/2024 10:34,18130,18140,6034,18140,18140
2/6/2024 10:35,2/6/2024 10:35,18140,18150,1481,18140,18140
2/6/2024 10:36,2/6/2024 10:41,18150,18160,9815,18140,18140
2/6/2024 10:42,2/6/2024 10:52,18150,18140,15092,18142,18140
2/6/2024 10:53,2/6/2024 10:55,18140,18130,4272,18144,18140
2/6/2024 10:56,2/6/2024 11:08,18140,18150,12934,18146,18150
2/6/2024 11:09,2/6/2024 11:13,18150,18160,6498,18148,18150
2/6/2024 11:14,2/6/2024 11:24,18150,18140,13554,18144,18140
2/6/2024 11:25,2/6/2024 11:41,18150,18160,16662,18148,18150
2/6/2024 11:42,2/6/2024 11:45,18150,18140,4208,18150,18150
2/6/2024 11:46,2/6/2024 11:46,18140,18130,2789,18146,18140
2/6/2024 11:47,2/6/2024 11:51,18120,18110,10407,18136,18140
2/6/2024 11:52,2/6/2024 12:03,18110,18100,17589,18128,18130
2/6/2024 12:04,2/6/2024 12:20,18100,18090,17556,18114,18110
2/6/2024 12:21,2/6/2024 12:27,18090,18080,9219,18102,18100
2/6/2024 12:28,2/6/2024 12:29,18090,18100,2992,18096,18100
2/6/2024 12:30,2/6/2024 12:41,18100,18110,12840,18096,18100
2/6/2024 12:42,2/6/2024 12:54,18110,18120,11626,18100,18100
2/6/2024 12:55,2/6/2024 13:05,18110,18100,7465,18102,18100
2/6/2024 13:06,2/6/2024 13:32,18110,18120,18957,18110,18110
2/6/2024 13:33,2/6/2024 13:59,18120,18130,18234,18116,18120
2/6/2024 14:00,2/6/2024 14:06,18130,18140,6187,18122,18120
2/6/2024 14:07,2/6/2024 14:08,18130,18120,2940,18122,18120
2/6/2024 14:09,2/6/2024 14:11,18110,18100,5601,18122,18120
2/6/2024 14:12,2/6/2024 14:17,18100,18090,5494,18116,18120
2/6/2024 14:18,2/6/2024 14:22,18090,18080,5019,18106,18100
2/6/2024 14:23,2/6/2024 14:30,18090,18100,6782,18098,18100
2/6/2024 14:31,2/6/2024 14:44,18100,18110,11100,18096,18100
2/6/2024 14:45,2/6/2024 14:49,18110,18120,3600,18100,18100
2/6/2024 14:50,2/6/2024 14:55,18120,18130,4083,18108,18110
2/6/2024 14:56,2/6/2024 15:02,18130,18140,7050,18120,18120
2/6/2024 15:03,2/6/2024 15:07,18140,18150,3546,18130,18130
2/6/2024 15:08,2/6/2024 15:31,18150,18160,17203,18140,18140
2/6/2024 15:32,2/6/2024 15:32,18150,18140,916,18144,18140
2/6/2024 15:33,2/6/2024 15:33,18140,18130,1381,18144,18140
2/6/2024 15:34,2/6/2024 15:53,18130,18120,19489,18140,18140
2/6/2024 15:54,2/6/2024 15:55,18130,18140,2181,18138,18140
2/6/2024 15:56,2/6/2024 15:59,18150,18160,8789,18138,18140
2/6/2024 16:00,2/6/2024 20:05,18160,18170,28445,18144,18140
2/6/2024 20:06,2/6/2024 20:09,18180,18190,1506,18156,18160
2/6/2024 20:10,2/6/2024 20:22,18200,18210,2527,18174,18170
2/6/2024 20:23,2/6/2024 20:55,18210,18220,3448,18190,18190
2/6/2024 20:56,2/6/2024 21:35,18210,18200,2614,18198,18200
2/6/2024 21:36,2/6/2024 22:48,18200,18190,3814,18202,18200
2/6/2024 22:49,2/6/2024 23:00,18190,18180,928,18200,18200
2/6/2024 23:01,2/7/2024 1:28,18180,18170,6176,18192,18190
2/7/2024 1:29,2/7/2024 1:30,18170,18160,913,18180,18180
2/7/2024 1:31,2/7/2024 4:20,18160,18150,14032,18170,18170
2/7/2024 4:21,2/7/2024 4:24,18160,18170,786,18166,18170
2/7/2024 4:25,2/7/2024 5:13,18170,18180,5252,18166,18170
2/7/2024 5:14,2/7/2024 5:49,18180,18190,3298,18170,18170
2/7/2024 5:50,2/7/2024 6:31,18180,18170,3842,18172,18170
2/7/2024 6:32,2/7/2024 7:22,18180,18190,6436,18180,18180
2/7/2024 7:23,2/7/2024 7:34,18180,18170,2696,18180,18180
2/7/2024 7:35,2/7/2024 7:43,18180,18190,1536,18182,18190
2/7/2024 7:44,2/7/2024 7:46,18190,18200,1818,18184,18190
2/7/2024 7:47,2/7/2024 7:52,18200,18210,1508,18192,18190
2/7/2024 7:53,2/7/2024 8:03,18210,18220,3215,18198,18200
2/7/2024 8:04,2/7/2024 8:10,18220,18230,3552,18210,18210
2/7/2024 8:11,2/7/2024 8:31,18230,18240,7873,18220,18220
2/7/2024 8:32,2/7/2024 9:02,18240,18250,11663,18230,18230
2/7/2024 9:03,2/7/2024 9:10,18250,18260,5220,18240,18240
2/7/2024 9:11,2/7/2024 9:24,18260,18270,5640,18250,18250
2/7/2024 9:25,2/7/2024 9:38,18270,18280,29565,18260,18260
2/7/2024 9:39,2/7/2024 9:39,18270,18260,2027,18264,18260
2/7/2024 9:40,2/7/2024 9:48,18250,18240,24336,18262,18260
2/7/2024 9:49,2/7/2024 9:50,18250,18260,4964,18262,18260
2/7/2024 9:51,2/7/2024 9:54,18260,18270,8204,18262,18260
2/7/2024 9:55,2/7/2024 9:55,18260,18250,3281,18256,18260
2/7/2024 9:56,2/7/2024 10:09,18250,18240,24532,18252,18250
2/7/2024 10:10,2/7/2024 10:10,18250,18260,2662,18256,18260
2/7/2024 10:11,2/7/2024 10:12,18260,18270,4542,18258,18260
2/7/2024 10:13,2/7/2024 10:13,18270,18280,1871,18260,18260
2/7/2024 10:14,2/7/2024 10:15,18300,18310,11114,18272,18270
2/7/2024 10:16,2/7/2024 10:17,18310,18320,5319,18288,18280
2/7/2024 10:18,2/7/2024 10:24,18320,18330,15302,18302,18310
2/7/2024 10:25,2/7/2024 10:27,18330,18340,6546,18316,18320
2/7/2024 10:28,2/7/2024 10:29,18350,18360,6029,18332,18330
2/7/2024 10:30,2/7/2024 10:38,18360,18370,20636,18344,18340
2/7/2024 10:39,2/7/2024 10:46,18360,18350,10639,18350,18350
2/7/2024 10:47,2/7/2024 10:52,18360,18370,8853,18358,18360
2/7/2024 10:53,2/7/2024 10:54,18370,18380,4724,18366,18370
2/7/2024 10:55,2/7/2024 10:55,18370,18360,1769,18366,18370
2/7/2024 10:56,2/7/2024 11:00,18360,18350,7913,18362,18360
2/7/2024 11:01,2/7/2024 11:09,18340,18330,15428,18358,18360
2/7/2024 11:10,2/7/2024 11:11,18340,18350,2737,18354,18350
2/7/2024 11:12,2/7/2024 11:16,18350,18360,5085,18350,18350
2/7/2024 11:17,2/7/2024 11:20,18350,18340,5297,18346,18350
2/7/2024 11:21,2/7/2024 11:34,18340,18330,15406,18342,18340
2/7/2024 11:35,2/7/2024 11:45,18330,18320,12035,18340,18340
2/7/2024 11:46,2/7/2024 11:54,18330,18340,9253,18338,18340
2/7/2024 11:55,2/7/2024 12:03,18340,18350,9630,18336,18340
2/7/2024 12:04,2/7/2024 12:12,18350,18360,6059,18340,18340
2/7/2024 12:13,2/7/2024 12:17,18350,18340,4398,18342,18340
2/7/2024 12:18,2/7/2024 12:24,18350,18360,5654,18350,18350
2/7/2024 12:25,2/7/2024 12:26,18350,18340,1594,18350,18350
2/7/2024 12:27,2/7/2024 12:30,18340,18330,3476,18346,18340
2/7/2024 12:31,2/7/2024 12:33,18330,18320,3831,18338,18340
2/7/2024 12:34,2/7/2024 12:40,18320,18310,8492,18332,18330
2/7/2024 12:41,2/7/2024 12:53,18310,18300,14738,18320,18320
2/7/2024 12:54,2/7/2024 13:01,18310,18320,6378,18316,18320
2/7/2024 13:02,2/7/2024 13:04,18330,18340,7985,18318,18320
2/7/2024 13:05,2/7/2024 13:10,18320,18310,8005,18316,18310
2/7/2024 13:11,2/7/2024 13:19,18320,18330,8414,18320,18320
2/7/2024 13:20,2/7/2024 13:25,18330,18340,4323,18328,18330
2/7/2024 13:26,2/7/2024 13:30,18340,18350,4165,18334,18340
2/7/2024 13:31,2/7/2024 14:55,18350,18360,58545,18338,18340
2/7/2024 14:56,2/7/2024 15:54,18360,18370,41425,18350,18350
2/7/2024 15:55,2/8/2024 2:11,18360,18350,48120,18354,18350
2/8/2024 2:12,2/8/2024 3:17,18360,18370,4734,18360,18360
2/8/2024 3:18,2/8/2024 3:20,18360,18350,885,18360,18360
2/8/2024 3:21,2/8/2024 4:12,18350,18340,6373,18356,18350
2/8/2024 4:13,2/8/2024 6:17,18350,18360,10522,18354,18350
2/8/2024 6:18,2/8/2024 6:24,18350,18340,959,18352,18350
2/8/2024 6:25,2/8/2024 6:29,18340,18330,1056,18344,18340
2/8/2024 6:30,2/8/2024 9:26,18330,18320,37506,18338,18340
2/8/2024 9:27,2/8/2024 9:35,18330,18340,15957,18338,18340
2/8/2024 9:36,2/8/2024 9:37,18340,18350,5548,18336,18340
2/8/2024 9:38,2/8/2024 9:40,18350,18360,5179,18340,18340
2/8/2024 9:41,2/8/2024 9:41,18350,18340,2910,18342,18340
2/8/2024 9:42,2/8/2024 9:52,18340,18330,20201,18344,18340
2/8/2024 9:53,2/8/2024 9:59,18340,18350,9080,18346,18350
2/8/2024 10:00,2/8/2024 10:18,18350,18360,26952,18348,18350
2/8/2024 10:19,2/8/2024 10:23,18360,18370,7392,18350,18350
2/8/2024 10:24,2/8/2024 10:30,18360,18350,8134,18352,18350
2/8/2024 10:31,2/8/2024 10:33,18350,18340,5235,18354,18350
2/8/2024 10:34,2/8/2024 10:48,18350,18360,21560,18356,18360
2/8/2024 10:49,2/8/2024 10:50,18370,18380,5863,18360,18360
2/8/2024 10:51,2/8/2024 10:54,18380,18390,6748,18364,18360
2/8/2024 10:55,2/8/2024 11:26,18390,18400,34146,18374,18380
2/8/2024 11:27,2/8/2024 12:26,18390,18380,46544,18382,18380
2/8/2024 12:27,2/8/2024 12:43,18390,18400,12123,18390,18390
2/8/2024 12:44,2/8/2024 12:46,18390,18380,3152,18390,18390
2/8/2024 12:47,2/8/2024 13:01,18380,18370,11857,18386,18380
2/8/2024 13:02,2/8/2024 14:04,18380,18390,41856,18384,18380
2/8/2024 14:05,2/8/2024 14:08,18380,18370,3262,18382,18380
2/8/2024 14:09,2/8/2024 14:35,18370,18360,17386,18374,18370
2/8/2024 14:36,2/8/2024 14:37,18360,18350,1940,18368,18370
2/8/2024 14:38,2/8/2024 14:45,18350,18340,5653,18362,18360
2/8/2024 14:46,2/8/2024 14:56,18350,18360,5728,18356,18360
2/8/2024 14:57,2/8/2024 15:01,18360,18370,3968,18356,18360
2/8/2024 15:02,2/9/2024 2:24,18370,18380,72734,18360,18360
2/9/2024 2:25,2/9/2024 3:01,18380,18390,2221,18368,18370
2/9/2024 3:02,2/9/2024 3:02,18390,18400,322,18380,18380
2/9/2024 3:03,2/9/2024 3:25,18400,18410,4490,18390,18390
2/9/2024 3:26,2/9/2024 3:27,18410,18420,431,18400,18400
2/9/2024 3:28,2/9/2024 4:12,18420,18430,6523,18410,18410
2/9/2024 4:13,2/9/2024 4:14,18420,18410,257,18414,18410
2/9/2024 4:15,2/9/2024 5:04,18410,18400,6349,18414,18410
2/9/2024 5:05,2/9/2024 5:43,18410,18420,3639,18416,18420
2/9/2024 5:44,2/9/2024 7:01,18420,18430,8391,18418,18420
2/9/2024 7:02,2/9/2024 8:01,18430,18440,10661,18420,18420
2/9/2024 8:02,2/9/2024 8:31,18430,18420,5995,18422,18420
2/9/2024 8:32,2/9/2024 8:32,18430,18440,3495,18430,18430
2/9/2024 8:33,2/9/2024 8:42,18450,18460,13787,18438,18440
2/9/2024 8:43,2/9/2024 9:06,18450,18440,11014,18440,18440
2/9/2024 9:07,2/9/2024 9:27,18440,18430,7997,18438,18440
2/9/2024 9:28,2/9/2024 9:30,18430,18420,2978,18438,18440
2/9/2024 9:31,2/9/2024 9:35,18420,18410,16445,18432,18430
2/9/2024 9:36,2/9/2024 9:36,18410,18400,2405,18420,18420
2/9/2024 9:37,2/9/2024 9:44,18400,18390,14956,18410,18410
2/9/2024 9:45,2/9/2024 9:50,18400,18410,9827,18406,18410
2/9/2024 9:51,2/9/2024 9:56,18410,18420,13229,18406,18410
2/9/2024 9:57,2/9/2024 9:58,18420,18430,3980,18410,18410
2/9/2024 9:59,2/9/2024 9:59,18430,18440,3065,18418,18420
2/9/2024 10:00,2/9/2024 10:16,18440,18450,27638,18430,18430
2/9/2024 10:17,2/9/2024 10:17,18450,18460,1682,18440,18440
2/9/2024 10:18,2/9/2024 10:29,18460,18470,18544,18450,18450
2/9/2024 10:30,2/9/2024 10:35,18470,18480,9276,18460,18460
2/9/2024 10:36,2/9/2024 10:36,18480,18490,2121,18470,18470
2/9/2024 10:37,2/9/2024 11:02,18490,18500,29471,18480,18480
2/9/2024 11:03,2/9/2024 11:35,18500,18510,30575,18490,18490
2/9/2024 11:36,2/9/2024 11:40,18490,18480,5615,18492,18490
2/9/2024 11:41,2/9/2024 11:48,18490,18500,4916,18496,18500
2/9/2024 11:49,2/9/2024 12:19,18500,18510,19971,18500,18500
2/9/2024 12:20,2/9/2024 12:29,18500,18490,4908,18498,18500
2/9/2024 12:30,2/9/2024 12:45,18500,18510,11341,18498,18500
2/9/2024 12:46,2/9/2024 12:52,18510,18520,4742,18506,18510
2/9/2024 12:53,2/9/2024 13:11,18520,18530,11745,18512,18510
2/9/2024 13:12,2/9/2024 13:33,18530,18540,14810,18518,18520
2/9/2024 13:34,2/9/2024 14:27,18540,18550,28134,18530,18530
2/9/2024 14:28,2/9/2024 14:40,18550,18560,6973,18540,18540
2/9/2024 14:41,2/9/2024 15:02,18560,18570,17715,18550,18550
2/9/2024 15:03,2/9/2024 17:00,18560,18550,70794,18554,18550
2/11/2024 18:01,2/11/2024 18:02,18550,18540,764,18554,18550
2/11/2024 18:03,2/11/2024 18:27,18530,18520,3327,18548,18550
2/11/2024 18:28,2/11/2024 20:26,18530,18540,5043,18544,18540
2/11/2024 20:27,2/11/2024 23:50,18540,18550,4743,18540,18540
2/11/2024 23:51,2/12/2024 2:23,18540,18530,5483,18536,18540
2/12/2024 2:24,2/12/2024 3:27,18540,18550,5383,18538,18540
2/12/2024 3:28,2/12/2024 8:45,18550,18560,27717,18546,18550
2/12/2024 8:46,2/12/2024 9:31,18550,18540,12458,18546,18550
2/12/2024 9:32,2/12/2024 9:34,18540,18530,9110,18542,18540
2/12/2024 9:35,2/12/2024 9:49,18540,18550,29041,18546,18550
2/12/2024 9:50,2/12/2024 9:59,18540,18530,12933,18542,18540
2/12/2024 10:00,2/12/2024 10:16,18540,18550,20240,18540,18540
2/12/2024 10:17,2/12/2024 10:32,18540,18530,15207,18538,18530
2/12/2024 10:33,2/12/2024 10:38,18540,18550,6380,18542,18550
2/12/2024 10:39,2/12/2024 10:44,18550,18560,6350,18544,18550
2/12/2024 10:45,2/12/2024 10:52,18560,18570,9538,18552,18550
2/12/2024 10:53,2/12/2024 10:54,18570,18580,4292,18558,18560
2/12/2024 10:55,2/12/2024 11:26,18580,18590,32270,18570,18570
2/12/2024 11:27,2/12/2024 11:31,18590,18600,5534,18580,18580
2/12/2024 11:32,2/12/2024 11:33,18600,18610,4345,18590,18590
2/12/2024 11:34,2/12/2024 11:48,18610,18620,18351,18600,18600
2/12/2024 11:49,2/12/2024 12:23,18610,18600,29578,18604,18600
2/12/2024 12:24,2/12/2024 12:58,18600,18590,31199,18604,18600
2/12/2024 12:59,2/12/2024 13:23,18600,18610,17887,18606,18610
2/12/2024 13:24,2/12/2024 13:26,18600,18590,4419,18602,18600
2/12/2024 13:27,2/12/2024 13:27,18590,18580,1952,18594,18590
2/12/2024 13:28,2/12/2024 13:30,18580,18570,4575,18588,18590
2/12/2024 13:31,2/12/2024 13:34,18570,18560,6980,18582,18580
2/12/2024 13:35,2/12/2024 13:38,18560,18550,7532,18570,18570
2/12/2024 13:39,2/12/2024 13:39,18540,18530,2956,18558,18560
2/12/2024 13:40,2/12/2024 14:05,18530,18520,36527,18546,18550
2/12/2024 14:06,2/12/2024 14:16,18520,18510,12814,18534,18530
2/12/2024 14:17,2/12/2024 14:18,18500,18490,4817,18520,18520
2/12/2024 14:19,2/12/2024 14:19,18480,18470,3395,18504,18510
2/12/2024 14:20,2/12/2024 14:23,18470,18460,11150,18490,18490
2/12/2024 14:24,2/12/2024 14:40,18470,18480,17220,18482,18480
2/12/2024 14:41,2/12/2024 14:50,18480,18490,9799,18478,18480
2/12/2024 14:51,2/12/2024 14:58,18480,18470,10243,18474,18470
2/12/2024 14:59,2/12/2024 15:06,18470,18460,9535,18472,18470
2/12/2024 15:07,2/12/2024 15:10,18470,18480,3424,18476,18480
2/12/2024 15:11,2/12/2024 15:55,18480,18490,35065,18478,18480
2/12/2024 15:56,2/12/2024 16:06,18480,18470,22777,18474,18470
2/12/2024 16:07,2/12/2024 16:09,18470,18460,2261,18472,18470
2/12/2024 16:10,2/12/2024 16:10,18460,18450,530,18470,18470
2/12/2024 16:11,2/12/2024 16:23,18450,18440,4434,18462,18460
2/12/2024 16:24,2/12/2024 18:47,18440,18430,7025,18450,18450
2/12/2024 18:48,2/13/2024 1:13,18440,18450,13658,18446,18450
2/13/2024 1:14,2/13/2024 3:05,18450,18460,8715,18446,18450
2/13/2024 3:06,2/13/2024 3:24,18460,18470,2599,18450,18450
2/13/2024 3:25,2/13/2024 3:35,18460,18450,2056,18452,18450
2/13/2024 3:36,2/13/2024 3:43,18450,18440,1791,18454,18450
2/13/2024 3:44,2/13/2024 3:45,18440,18430,950,18450,18450
2/13/2024 3:46,2/13/2024 3:54,18430,18420,3268,18442,18440
2/13/2024 3:55,2/13/2024 4:00,18420,18410,1197,18430,18430
2/13/2024 4:01,2/13/2024 4:34,18410,18400,7315,18420,18420
2/13/2024 4:35,2/13/2024 4:47,18400,18390,3603,18410,18410
2/13/2024 4:48,2/13/2024 5:06,18390,18380,3944,18400,18400
2/13/2024 5:07,2/13/2024 5:52,18380,18370,8081,18390,18390
2/13/2024 5:53,2/13/2024 6:46,18370,18360,5994,18380,18380
2/13/2024 6:47,2/13/2024 7:01,18360,18350,2919,18370,18370
2/13/2024 7:02,2/13/2024 7:02,18350,18340,925,18360,18360
2/13/2024 7:03,2/13/2024 8:08,18340,18330,16098,18350,18350
2/13/2024 8:09,2/13/2024 8:24,18340,18350,4062,18346,18350
2/13/2024 8:25,2/13/2024 8:30,18350,18360,1824,18346,18350
2/13/2024 8:31,2/13/2024 8:31,18260,18250,7688,18326,18340
2/13/2024 8:32,2/13/2024 8:32,18250,18240,3457,18306,18330
2/13/2024 8:33,2/13/2024 8:43,18200,18190,26623,18278,18250
2/13/2024 8:44,2/13/2024 8:49,18190,18180,8285,18244,18240
2/13/2024 8:50,2/13/2024 9:03,18170,18160,15379,18204,18190
2/13/2024 9:04,2/13/2024 9:09,18160,18150,6828,18184,18180
2/13/2024 9:10,2/13/2024 9:30,18150,18140,20542,18164,18160
2/13/2024 9:31,2/13/2024 9:35,18140,18130,29147,18152,18150
2/13/2024 9:36,2/13/2024 9:36,18140,18150,4156,18146,18150
2/13/2024 9:37,2/13/2024 9:43,18150,18160,26256,18146,18150
2/13/2024 9:44,2/13/2024 9:51,18160,18170,21803,18150,18150
2/13/2024 9:52,2/13/2024 9:54,18160,18150,7014,18152,18150
2/13/2024 9:55,2/13/2024 10:15,18170,18180,41283,18162,18160
2/13/2024 10:16,2/13/2024 10:16,18170,18160,2823,18164,18160
2/13/2024 10:17,2/13/2024 10:19,18160,18150,7514,18162,18160
2/13/2024 10:20,2/13/2024 10:20,18170,18180,2700,18164,18160
2/13/2024 10:21,2/13/2024 10:21,18180,18190,3333,18172,18180
2/13/2024 10:22,2/13/2024 10:24,18190,18200,6559,18176,18180
2/13/2024 10:25,2/13/2024 10:25,18200,18210,3199,18186,18190
2/13/2024 10:26,2/13/2024 10:27,18210,18220,5496,18200,18200
2/13/2024 10:28,2/13/2024 10:29,18220,18230,4427,18210,18210
2/13/2024 10:30,2/13/2024 10:31,18240,18250,6983,18222,18220
2/13/2024 10:32,2/13/2024 10:38,18250,18260,14332,18234,18230
2/13/2024 10:39,2/13/2024 10:39,18260,18270,1662,18246,18250
2/13/2024 10:40,2/13/2024 10:42,18270,18280,7474,18258,18260
2/13/2024 10:43,2/13/2024 10:43,18280,18290,2087,18270,18270
2/13/2024 10:44,2/13/2024 10:50,18290,18300,15220,18280,18280
2/13/2024 10:51,2/13/2024 10:51,18290,18280,3654,18284,18280
2/13/2024 10:52,2/13/2024 10:56,18280,18270,9969,18284,18280
2/13/2024 10:57,2/13/2024 10:57,18270,18260,4545,18280,18280
2/13/2024 10:58,2/13/2024 10:59,18260,18250,5080,18272,18270
2/13/2024 11:00,2/13/2024 11:04,18250,18240,10063,18260,18260
2/13/2024 11:05,2/13/2024 11:05,18250,18260,2172,18256,18260
2/13/2024 11:06,2/13/2024 11:09,18260,18270,6381,18256,18260
2/13/2024 11:10,2/13/2024 11:17,18270,18280,9081,18260,18260
2/13/2024 11:18,2/13/2024 11:18,18270,18260,1232,18262,18260
2/13/2024 11:19,2/13/2024 11:39,18260,18250,23765,18264,18260
2/13/2024 11:40,2/13/2024 11:53,18260,18270,16029,18266,18270
2/13/2024 11:54,2/13/2024 12:00,18250,18240,10785,18260,18260
2/13/2024 12:01,2/13/2024 12:07,18240,18230,8055,18250,18250
2/13/2024 12:08,2/13/2024 12:12,18230,18220,5530,18242,18240
2/13/2024 12:13,2/13/2024 12:27,18220,18210,15288,18234,18230
2/13/2024 12:28,2/13/2024 12:31,18210,18200,4071,18220,18220
2/13/2024 12:32,2/13/2024 12:33,18210,18220,2835,18216,18220
2/13/2024 12:34,2/13/2024 12:50,18220,18230,14217,18216,18220
2/13/2024 12:51,2/13/2024 12:53,18220,18210,3879,18214,18210
2/13/2024 12:54,2/13/2024 12:54,18210,18200,1617,18212,18210
2/13/2024 12:55,2/13/2024 12:56,18200,18190,4782,18210,18210
2/13/2024 12:57,2/13/2024 13:14,18190,18180,18475,18202,18200
2/13/2024 13:15,2/13/2024 13:48,18190,18200,28013,18196,18200
2/13/2024 13:49,2/13/2024 13:51,18190,18180,5125,18190,18190
2/13/2024 13:52,2/13/2024 14:01,18180,18170,10965,18184,18180
2/13/2024 14:02,2/13/2024 14:03,18170,18160,2760,18178,18180
2/13/2024 14:04,2/13/2024 14:04,18160,18150,1202,18172,18170
2/13/2024 14:05,2/13/2024 14:07,18150,18140,6024,18160,18160
2/13/2024 14:08,2/13/2024 14:12,18140,18130,5722,18150,18150
2/13/2024 14:13,2/13/2024 14:14,18130,18120,3657,18140,18140
2/13/2024 14:15,2/13/2024 14:30,18120,18110,24609,18130,18130
2/13/2024 14:31,2/13/2024 14:34,18120,18130,5441,18126,18130
2/13/2024 14:35,2/13/2024 14:36,18130,18140,3483,18126,18130
2/13/2024 14:37,2/13/2024 14:47,18140,18150,12703,18130,18130
2/13/2024 14:48,2/13/2024 14:48,18140,18130,2032,18132,18130
2/13/2024 14:49,2/13/2024 14:50,18130,18120,3215,18134,18130
2/13/2024 14:51,2/13/2024 14:52,18120,18110,2832,18130,18130
2/13/2024 14:53,2/13/2024 14:55,18110,18100,7636,18122,18120
2/13/2024 14:56,2/13/2024 15:04,18100,18090,14342,18110,18110
2/13/2024 15:05,2/13/2024 15:22,18090,18080,19400,18100,18100
2/13/2024 15:23,2/13/2024 15:28,18070,18060,10112,18088,18090
2/13/2024 15:29,2/13/2024 15:34,18070,18080,8835,18082,18080
2/13/2024 15:35,2/13/2024 15:37,18080,18090,4570,18080,18080
2/13/2024 15:38,2/13/2024 15:41,18090,18100,4811,18082,18080
2/13/2024 15:42,2/13/2024 15:43,18110,18120,4197,18090,18090
2/13/2024 15:44,2/13/2024 15:45,18120,18130,3674,18104,18100
2/13/2024 15:46,2/13/2024 15:47,18130,18140,5522,18116,18120
2/13/2024 15:48,2/13/2024 15:55,18140,18150,17896,18128,18130
2/13/2024 15:56,2/13/2024 15:56,18160,18170,6018,18142,18140
2/13/2024 15:57,2/13/2024 15:59,18170,18180,12027,18154,18150
2/13/2024 16:00,2/13/2024 16:11,18180,18190,20908,18166,18170
2/13/2024 16:12,2/13/2024 16:40,18190,18200,5714,18178,18180
2/13/2024 16:41,2/13/2024 19:24,18200,18210,9603,18190,18190
2/13/2024 19:25,2/13/2024 21:42,18200,18190,9834,18194,18190
2/13/2024 21:43,2/14/2024 0:38,18190,18180,6157,18194,18190
2/14/2024 0:39,2/14/2024 1:10,18190,18200,1362,18196,18200
2/14/2024 1:11,2/14/2024 2:11,18200,18210,5602,18198,18200
2/14/2024 2:12,2/14/2024 2:14,18210,18220,901,18200,18200
2/14/2024 2:15,2/14/2024 2:16,18220,18230,1260,18208,18210
2/14/2024 2:17,2/14/2024 2:51,18230,18240,5292,18220,18220
2/14/2024 2:52,2/14/2024 3:26,18240,18250,3862,18230,18230
2/14/2024 3:27,2/14/2024 4:05,18250,18260,6629,18240,18240
2/14/2024 4:06,2/14/2024 4:18,18260,18270,2556,18250,18250
2/14/2024 4:19,2/14/2024 4:46,18270,18280,3949,18260,18260
2/14/2024 4:47,2/14/2024 4:56,18280,18290,1887,18270,18270
2/14/2024 4:57,2/14/2024 6:04,18290,18300,10051,18280,18280
2/14/2024 6:05,2/14/2024 6:58,18290,18280,7553,18284,18280
2/14/2024 6:59,2/14/2024 7:04,18290,18300,2169,18290,18290
2/14/2024 7:05,2/14/2024 8:26,18300,18310,17069,18296,18300
2/14/2024 8:27,2/14/2024 9:03,18300,18290,14414,18296,18300
2/14/2024 9:04,2/14/2024 9:28,18290,18280,7772,18292,18290
2/14/2024 9:29,2/14/2024 9:30,18290,18300,1483,18296,18300
2/14/2024 9:31,2/14/2024 9:35,18300,18310,21505,18298,18300
2/14/2024 9:36,2/14/2024 9:38,18300,18290,8359,18294,18290
2/14/2024 9:39,2/14/2024 9:39,18290,18280,3146,18292,18290
2/14/2024 9:40,2/14/2024 9:45,18280,18270,16791,18290,18290
2/14/2024 9:46,2/14/2024 9:47,18280,18290,4638,18288,18290
2/14/2024 9:48,2/14/2024 9:50,18290,18300,5539,18286,18290
2/14/2024 9:51,2/14/2024 9:51,18290,18280,3195,18284,18280
2/14/2024 9:52,2/14/2024 9:59,18280,18270,14587,18282,18280
2/14/2024 10:00,2/14/2024 10:06,18290,18300,16080,18288,18290
2/14/2024 10:07,2/14/2024 10:07,18300,18310,2381,18292,18300
2/14/2024 10:08,2/14/2024 10:11,18310,18320,8388,18296,18300
2/14/2024 10:12,2/14/2024 10:18,18310,18300,10251,18300,18300
2/14/2024 10:19,2/14/2024 10:19,18310,18320,2234,18310,18310
2/14/2024 10:20,2/14/2024 10:20,18320,18330,3540,18316,18320
2/14/2024 10:21,2/14/2024 10:24,18330,18340,9243,18322,18320
2/14/2024 10:25,2/14/2024 10:37,18340,18350,20321,18328,18330
2/14/2024 10:38,2/14/2024 10:38,18340,18330,1433,18334,18330
2/14/2024 10:39,2/14/2024 10:43,18330,18320,8350,18334,18330
2/14/2024 10:44,2/14/2024 10:50,18320,18310,12045,18330,18330
2/14/2024 10:51,2/14/2024 10:54,18310,18300,8695,18322,18320
2/14/2024 10:55,2/14/2024 10:56,18300,18290,4344,18310,18310
2/14/2024 10:57,2/14/2024 10:57,18290,18280,1508,18300,18300
2/14/2024 10:58,2/14/2024 10:59,18280,18270,3813,18290,18290
2/14/2024 11:00,2/14/2024 11:00,18270,18260,2619,18280,18280
2/14/2024 11:01,2/14/2024 11:01,18250,18240,7003,18268,18270
2/14/2024 11:02,2/14/2024 11:07,18240,18230,14495,18256,18260
2/14/2024 11:08,2/14/2024 11:15,18240,18250,11051,18250,18250
2/14/2024 11:16,2/14/2024 11:23,18240,18230,14204,18242,18240
2/14/2024 11:24,2/14/2024 11:24,18240,18250,2157,18240,18240
2/14/2024 11:25,2/14/2024 11:31,18250,18260,9794,18244,18250
2/14/2024 11:32,2/14/2024 11:43,18260,18270,11023,18252,18250
2/14/2024 11:44,2/14/2024 12:00,18250,18240,19712,18250,18250
2/14/2024 12:01,2/14/2024 12:01,18240,18230,2537,18250,18250
2/14/2024 12:02,2/14/2024 12:05,18230,18220,6708,18244,18240
2/14/2024 12:06,2/14/2024 12:10,18220,18210,7659,18234,18230
2/14/2024 12:11,2/14/2024 12:23,18230,18240,10940,18228,18230
2/14/2024 12:24,2/14/2024 12:28,18240,18250,4198,18230,18230
2/14/2024 12:29,2/14/2024 12:29,18250,18260,947,18236,18240
2/14/2024 12:30,2/14/2024 12:32,18260,18270,4160,18246,18250
2/14/2024 12:33,2/14/2024 12:48,18270,18280,17109,18260,18260
2/14/2024 12:49,2/14/2024 13:10,18280,18290,16974,18270,18270
2/14/2024 13:11,2/14/2024 13:13,18280,18270,5136,18274,18270
2/14/2024 13:14,2/14/2024 13:32,18270,18260,14662,18274,18270
2/14/2024 13:33,2/14/2024 13:34,18270,18280,2076,18276,18280
2/14/2024 13:35,2/14/2024 13:35,18280,18290,1602,18278,18280
2/14/2024 13:36,2/14/2024 13:37,18290,18300,2784,18280,18280
2/14/2024 13:38,2/14/2024 13:56,18300,18310,17077,18288,18290
2/14/2024 13:57,2/14/2024 14:04,18300,18290,7100,18294,18290
2/14/2024 14:05,2/14/2024 14:05,18290,18280,1548,18294,18290
2/14/2024 14:06,2/14/2024 14:10,18270,18260,11123,18288,18290
2/14/2024 14:11,2/14/2024 14:21,18260,18250,12416,18278,18280
2/14/2024 14:22,2/14/2024 14:25,18260,18270,3131,18270,18270
2/14/2024 14:26,2/14/2024 14:29,18270,18280,3425,18268,18270
2/14/2024 14:30,2/14/2024 14:37,18280,18290,6351,18270,18270
2/14/2024 14:38,2/14/2024 15:00,18290,18300,19005,18278,18280
2/14/2024 15:01,2/14/2024 15:09,18300,18310,11253,18290,18290
2/14/2024 15:10,2/14/2024 15:23,18310,18320,11327,18300,18300
2/14/2024 15:24,2/14/2024 15:25,18320,18330,1620,18310,18310
2/14/2024 15:26,2/14/2024 15:27,18330,18340,4088,18320,18320
2/14/2024 15:28,2/14/2024 15:39,18340,18350,13730,18330,18330
2/14/2024 15:40,2/14/2024 15:45,18350,18360,8465,18340,18340
2/14/2024 15:46,2/14/2024 15:50,18360,18370,5410,18350,18350
2/14/2024 15:51,2/14/2024 16:31,18370,18380,45565,18360,18360
2/14/2024 16:32,2/14/2024 20:08,18380,18390,10779,18370,18370
2/14/2024 20:09,2/14/2024 20:17,18380,18370,1745,18374,18370
2/14/2024 20:18,2/14/2024 21:46,18370,18360,5035,18374,18370
2/14/2024 21:47,2/14/2024 22:20,18370,18380,1778,18376,18380
2/14/2024 22:21,2/15/2024 1:42,18380,18390,7412,18378,18380
2/15/2024 1:43,2/15/2024 2:04,18390,18400,2882,18380,18380
2/15/2024 2:05,2/15/2024 2:11,18400,18410,709,18388,18390
2/15/2024 2:12,2/15/2024 2:30,18410,18420,2495,18400,18400
2/15/2024 2:31,2/15/2024 4:10,18420,18430,10718,18410,18410
2/15/2024 4:11,2/15/2024 4:46,18420,18410,4173,18414,18410
2/15/2024 4:47,2/15/2024 7:07,18410,18400,13504,18414,18410
2/15/2024 7:08,2/15/2024 8:32,18410,18420,15633,18416,18420
2/15/2024 8:33,2/15/2024 8:48,18420,18430,11908,18418,18420
2/15/2024 8:49,2/15/2024 8:50,18420,18410,2169,18414,18410
2/15/2024 8:51,2/15/2024 9:34,18410,18400,31050,18412,18410
2/15/2024 9:35,2/15/2024 9:36,18400,18390,7760,18410,18410
2/15/2024 9:37,2/15/2024 9:44,18380,18370,20927,18400,18400
2/15/2024 9:45,2/15/2024 9:54,18370,18360,25087,18386,18390
2/15/2024 9:55,2/15/2024 9:56,18350,18340,7950,18372,18370
2/15/2024 9:57,2/15/2024 10:03,18340,18330,15764,18358,18360
2/15/2024 10:04,2/15/2024 10:07,18330,18320,11386,18344,18340
2/15/2024 10:08,2/15/2024 10:09,18330,18340,4274,18338,18340
2/15/2024 10:10,2/15/2024 10:12,18340,18350,6835,18336,18340
2/15/2024 10:13,2/15/2024 10:28,18350,18360,31095,18340,18340
2/15/2024 10:29,2/15/2024 10:40,18340,18330,22123,18340,18340
2/15/2024 10:41,2/15/2024 10:52,18340,18350,15722,18346,18350
2/15/2024 10:53,2/15/2024 11:02,18350,18360,13120,18350,18350
2/15/2024 11:03,2/15/2024 11:04,18350,18340,3957,18348,18350
2/15/2024 11:05,2/15/2024 11:08,18330,18320,10678,18340,18340
2/15/2024 11:09,2/15/2024 11:09,18320,18310,1507,18336,18340
2/15/2024 11:10,2/15/2024 11:15,18310,18300,11424,18326,18320
2/15/2024 11:16,2/15/2024 11:21,18310,18320,6693,18318,18320
2/15/2024 11:22,2/15/2024 11:28,18320,18330,8912,18316,18320
2/15/2024 11:29,2/15/2024 11:40,18330,18340,12831,18320,18320
2/15/2024 11:41,2/15/2024 12:12,18340,18350,30372,18328,18330
2/15/2024 12:13,2/15/2024 12:19,18350,18360,6729,18340,18340
2/15/2024 12:20,2/15/2024 12:28,18360,18370,6932,18350,18350
2/15/2024 12:29,2/15/2024 12:45,18370,18380,12507,18360,18360
2/15/2024 12:46,2/15/2024 12:58,18380,18390,11308,18370,18370
2/15/2024 12:59,2/15/2024 13:08,18380,18370,9864,18374,18370
2/15/2024 13:09,2/15/2024 13:11,18380,18390,4845,18380,18380
2/15/2024 13:12,2/15/2024 13:17,18390,18400,7841,18386,18390
2/15/2024 13:18,2/15/2024 13:18,18400,18410,1444,18392,18390
2/15/2024 13:19,2/15/2024 13:29,18410,18420,13803,18398,18400
2/15/2024 13:30,2/15/2024 13:30,18420,18430,861,18410,18410
2/15/2024 13:31,2/15/2024 13:36,18430,18440,8675,18420,18420
2/15/2024 13:37,2/15/2024 14:11,18430,18420,35097,18424,18420
2/15/2024 14:12,2/15/2024 14:12,18420,18410,1618,18424,18420
2/15/2024 14:13,2/15/2024 14:19,18410,18400,9850,18420,18420
2/15/2024 14:20,2/15/2024 14:38,18410,18420,18708,18418,18420
2/15/2024 14:39,2/15/2024 15:09,18420,18430,29283,18416,18420
2/15/2024 15:10,2/15/2024 15:22,18420,18410,12437,18414,18410
2/15/2024 15:23,2/15/2024 15:24,18410,18400,2683,18412,18410
2/15/2024 15:25,2/15/2024 15:50,18400,18390,22353,18410,18410
2/15/2024 15:51,2/15/2024 15:54,18400,18410,7134,18408,18410
2/15/2024 15:55,2/15/2024 16:01,18410,18420,23032,18406,18410
2/15/2024 16:02,2/15/2024 16:02,18420,18430,2183,18410,18410
2/15/2024 16:03,2/15/2024 16:04,18430,18440,2346,18418,18420
2/15/2024 16:05,2/15/2024 16:05,18440,18450,1490,18430,18430
2/15/2024 16:06,2/15/2024 16:06,18450,18460,1753,18440,18440
2/15/2024 16:07,2/15/2024 19:28,18460,18470,16356,18450,18450
2/15/2024 19:29,2/15/2024 19:52,18460,18450,1085,18454,18450
2/15/2024 19:53,2/15/2024 20:39,18450,18440,3461,18454,18450
2/15/2024 20:40,2/15/2024 21:56,18440,18430,4521,18450,18450
2/15/2024 21:57,2/16/2024 1:57,18440,18450,9182,18448,18450
2/16/2024 1:58,2/16/2024 2:26,18450,18460,2290,18446,18450
2/16/2024 2:27,2/16/2024 2:53,18460,18470,2686,18450,18450
2/16/2024 2:54,2/16/2024 3:07,18470,18480,2822,18458,18460
2/16/2024 3:08,2/16/2024 3:16,18480,18490,1698,18470,18470
2/16/2024 3:17,2/16/2024 3:30,18490,18500,2988,18480,18480
2/16/2024 3:31,2/16/2024 3:39,18500,18510,2411,18490,18490
2/16/2024 3:40,2/16/2024 5:11,18510,18520,11887,18500,18500
2/16/2024 5:12,2/16/2024 7:17,18520,18530,12982,18510,18510
2/16/2024 7:18,2/16/2024 8:30,18520,18510,12680,18514,18510
2/16/2024 8:31,2/16/2024 8:32,18470,18460,6139,18506,18510
2/16/2024 8:33,2/16/2024 8:33,18460,18450,1543,18494,18510
2/16/2024 8:34,2/16/2024 8:49,18440,18430,18679,18476,18460
2/16/2024 8:50,2/16/2024 8:55,18430,18420,5551,18454,18450
2/16/2024 8:56,2/16/2024 8:59,18430,18440,2280,18440,18440
2/16/2024 9:00,2/16/2024 9:30,18440,18450,19639,18438,18440
2/16/2024 9:31,2/16/2024 9:31,18440,18430,5742,18434,18430
2/16/2024 9:32,2/16/2024 9:32,18430,18420,4045,18432,18430
2/16/2024 9:33,2/16/2024 9:36,18410,18400,13686,18428,18430
2/16/2024 9:37,2/16/2024 9:44,18410,18420,18558,18424,18420
2/16/2024 9:45,2/16/2024 9:49,18400,18390,12171,18412,18420
2/16/2024 9:50,2/16/2024 9:50,18390,18380,2725,18402,18400
2/16/2024 9:51,2/16/2024 9:51,18370,18360,4797,18390,18390
2/16/2024 9:52,2/16/2024 9:52,18360,18350,3612,18380,18380
2/16/2024 9:53,2/16/2024 9:54,18340,18330,7944,18362,18360
2/16/2024 9:55,2/16/2024 9:55,18300,18290,6773,18342,18350
2/16/2024 9:56,2/16/2024 10:00,18290,18280,17064,18322,18330
2/16/2024 10:01,2/16/2024 10:01,18280,18270,6862,18304,18290
2/16/2024 10:02,2/16/2024 10:08,18260,18250,23460,18284,18280
2/16/2024 10:09,2/16/2024 10:10,18260,18270,4886,18272,18270
2/16/2024 10:11,2/16/2024 10:17,18270,18280,15578,18270,18270
2/16/2024 10:18,2/16/2024 10:18,18280,18290,2575,18272,18270
2/16/2024 10:19,2/16/2024 10:22,18290,18300,8129,18278,18280
2/16/2024 10:23,2/16/2024 10:27,18280,18270,9402,18282,18280
2/16/2024 10:28,2/16/2024 10:36,18270,18260,16672,18280,18280
2/16/2024 10:37,2/16/2024 10:37,18270,18280,1739,18280,18280
2/16/2024 10:38,2/16/2024 10:38,18280,18290,2246,18280,18280
2/16/2024 10:39,2/16/2024 10:39,18290,18300,1755,18280,18280
2/16/2024 10:40,2/16/2024 10:40,18300,18310,2703,18288,18290
2/16/2024 10:41,2/16/2024 10:49,18310,18320,16032,18300,18300
2/16/2024 10:50,2/16/2024 10:54,18310,18300,8767,18304,18300
2/16/2024 10:55,2/16/2024 11:01,18310,18320,9023,18310,18310
2/16/2024 11:02,2/16/2024 11:03,18320,18330,3738,18316,18320
2/16/2024 11:04,2/16/2024 11:12,18330,18340,11910,18322,18320
2/16/2024 11:13,2/16/2024 11:16,18350,18360,6039,18330,18330
2/16/2024 11:17,2/16/2024 11:20,18360,18370,6400,18344,18340
2/16/2024 11:21,2/16/2024 11:57,18370,18380,47068,18356,18360
2/16/2024 11:58,2/16/2024 12:08,18390,18400,15677,18370,18370
2/16/2024 12:09,2/16/2024 12:10,18390,18380,2090,18378,18380
2/16/2024 12:11,2/16/2024 12:29,18380,18370,16695,18380,18380
2/16/2024 12:30,2/16/2024 12:37,18380,18390,6845,18384,18380
2/16/2024 12:38,2/16/2024 12:58,18380,18370,17401,18382,18380
2/16/2024 12:59,2/16/2024 13:01,18370,18360,3462,18374,18370
2/16/2024 13:02,2/16/2024 13:04,18360,18350,5602,18368,18370
2/16/2024 13:05,2/16/2024 13:05,18350,18340,1640,18362,18360
2/16/2024 13:06,2/16/2024 13:11,18340,18330,8852,18350,18350
2/16/2024 13:12,2/16/2024 13:24,18330,18320,17362,18340,18340
2/16/2024 13:25,2/16/2024 13:25,18330,18340,2673,18336,18340
2/16/2024 13:26,2/16/2024 13:42,18340,18350,13931,18336,18340
2/16/2024 13:43,2/16/2024 13:44,18350,18360,2007,18340,18340
2/16/2024 13:45,2/16/2024 13:58,18360,18370,7575,18348,18350
2/16/2024 13:59,2/16/2024 14:00,18370,18380,1835,18360,18360
2/16/2024 14:01,2/16/2024 14:01,18380,18390,1961,18370,18370
2/16/2024 14:02,2/16/2024 14:10,18390,18400,9283,18380,18380
2/16/2024 14:11,2/16/2024 14:33,18400,18410,14462,18390,18390
2/16/2024 14:34,2/16/2024 14:39,18400,18390,5640,18394,18390
2/16/2024 14:40,2/16/2024 14:45,18390,18380,4805,18394,18390
2/16/2024 14:46,2/16/2024 14:46,18370,18360,2327,18388,18390
2/16/2024 14:47,2/16/2024 14:47,18360,18350,3094,18378,18380
2/16/2024 14:48,2/16/2024 14:50,18320,18310,12216,18358,18360
2/16/2024 14:51,2/16/2024 14:52,18310,18300,4274,18340,18350
2/16/2024 14:53,2/16/2024 15:11,18300,18290,26179,18322,18310
2/16/2024 15:12,2/16/2024 15:23,18290,18280,15410,18306,18300
2/16/2024 15:24,2/16/2024 15:40,18290,18300,16573,18296,18300
2/16/2024 15:41,2/16/2024 15:47,18280,18270,13017,18288,18290
2/16/2024 15:48,2/16/2024 15:48,18270,18260,1380,18280,18280
2/16/2024 15:49,2/16/2024 16:11,18260,18250,41228,18272,18270
2/16/2024 16:12,2/16/2024 16:16,18250,18240,2354,18264,18260
2/16/2024 16:17,2/16/2024 17:00,18240,18230,5104,18250,18250
2/18/2024 18:01,2/18/2024 18:03,18240,18250,984,18246,18250
2/18/2024 18:04,2/18/2024 18:05,18250,18260,426,18246,18250
2/18/2024 18:06,2/18/2024 18:06,18270,18280,653,18252,18250
2/18/2024 18:07,2/18/2024 19:20,18280,18290,5668,18262,18260
2/18/2024 19:21,2/18/2024 20:02,18290,18300,2246,18276,18280
2/18/2024 20:03,2/18/2024 20:25,18300,18310,1770,18288,18290
2/18/2024 20:26,2/18/2024 20:32,18300,18290,722,18294,18290
2/18/2024 20:33,2/18/2024 20:40,18290,18280,1267,18294,18290
2/18/2024 20:41,2/18/2024 23:45,18280,18270,8004,18290,18290
2/18/2024 23:46,2/19/2024 2:17,18280,18290,6529,18288,18290
2/19/2024 2:18,2/19/2024 3:24,18280,18270,5307,18280,18280
2/19/2024 3:25,2/19/2024 3:34,18270,18260,1712,18274,18270
2/19/2024 3:35,2/19/2024 4:05,18270,18280,2823,18274,18270
2/19/2024 4:06,2/19/2024 6:49,18280,18290,10110,18278,18280
2/19/2024 6:50,2/19/2024 8:28,18280,18270,7438,18274,18270
2/19/2024 8:29,2/19/2024 9:30,18280,18290,5811,18278,18280
2/19/2024 9:31,2/19/2024 9:35,18290,18300,3171,18286,18290
2/19/2024 9:36,2/19/2024 10:25,18300,18310,13039,18292,18290
2/19/2024 10:26,2/19/2024 18:10,18300,18290,19141,18292,18290
2/19/2024 18:11,2/19/2024 18:12,18290,18280,869,18294,18290
2/19/2024 18:13,2/19/2024 18:40,18280,18270,3287,18290,18290
2/19/2024 18:41,2/19/2024 19:06,18270,18260,2639,18282,18280
2/19/2024 19:07,2/19/2024 19:23,18260,18250,1751,18270,18270
2/19/2024 19:24,2/19/2024 20:21,18250,18240,6134,18260,18260
2/19/2024 20:22,2/19/2024 20:41,18250,18260,2369,18256,18260
2/19/2024 20:42,2/19/2024 20:45,18250,18240,606,18250,18250
2/19/2024 20:46,2/19/2024 20:46,18240,18230,978,18244,18240
2/19/2024 20:47,2/19/2024 20:56,18230,18220,2569,18238,18240
2/19/2024 20:57,2/19/2024 20:59,18220,18210,1031,18232,18230
2/19/2024 21:00,2/19/2024 21:00,18210,18200,706,18220,18220
2/19/2024 21:01,2/20/2024 0:37,18200,18190,15463,18210,18210
2/20/2024 0:38,2/20/2024 1:08,18190,18180,2426,18200,18200
2/20/2024 1:09,2/20/2024 1:17,18190,18200,1034,18196,18200
2/20/2024 1:18,2/20/2024 1:31,18200,18210,1172,18196,18200
2/20/2024 1:32,2/20/2024 2:18,18210,18220,4557,18200,18200
2/20/2024 2:19,2/20/2024 3:13,18220,18230,6232,18208,18210
2/20/2024 3:14,2/20/2024 3:18,18220,18210,936,18214,18210
2/20/2024 3:19,2/20/2024 3:20,18210,18200,752,18214,18210
2/20/2024 3:21,2/20/2024 3:21,18200,18190,724,18210,18210
2/20/2024 3:22,2/20/2024 3:36,18170,18160,7082,18198,18200
2/20/2024 3:37,2/20/2024 3:39,18170,18180,841,18188,18190
2/20/2024 3:40,2/20/2024 4:02,18180,18190,4141,18184,18190
2/20/2024 4:03,2/20/2024 4:16,18190,18200,3649,18184,18190
2/20/2024 4:17,2/20/2024 4:25,18200,18210,2282,18188,18190
2/20/2024 4:26,2/20/2024 4:26,18200,18190,539,18194,18190
2/20/2024 4:27,2/20/2024 4:36,18190,18180,2502,18194,18190
2/20/2024 4:37,2/20/2024 5:01,18180,18170,3920,18190,18190
2/20/2024 5:02,2/20/2024 5:05,18170,18160,1111,18182,18180
2/20/2024 5:06,2/20/2024 5:08,18160,18150,1538,18170,18170
2/20/2024 5:09,2/20/2024 6:01,18150,18140,10544,18160,18160
2/20/2024 6:02,2/20/2024 6:30,18140,18130,5046,18150,18150
2/20/2024 6:31,2/20/2024 6:42,18140,18150,2433,18146,18150
2/20/2024 6:43,2/20/2024 7:03,18150,18160,4623,18146,18150
2/20/2024 7:04,2/20/2024 7:10,18160,18170,1721,18150,18150
2/20/2024 7:11,2/20/2024 7:29,18170,18180,3739,18158,18160
2/20/2024 7:30,2/20/2024 8:36,18180,18190,15240,18170,18170
2/20/2024 8:37,2/20/2024 8:40,18180,18170,1707,18174,18170
2/20/2024 8:41,2/20/2024 8:41,18180,18190,701,18180,18180
2/20/2024 8:42,2/20/2024 8:50,18190,18200,4027,18186,18190
2/20/2024 8:51,2/20/2024 9:25,18190,18180,10332,18186,18190
2/20/2024 9:26,2/20/2024 9:31,18180,18170,11459,18182,18180
2/20/2024 9:32,2/20/2024 9:34,18210,18220,15181,18192,18190
2/20/2024 9:35,2/20/2024 9:35,18210,18200,4299,18194,18200
2/20/2024 9:36,2/20/2024 9:36,18200,18190,3815,18192,18190
2/20/2024 9:37,2/20/2024 9:38,18170,18160,8423,18188,18190
2/20/2024 9:39,2/20/2024 9:40,18150,18140,7713,18182,18190
2/20/2024 9:41,2/20/2024 9:42,18110,18100,15245,18158,18160
2/20/2024 9:43,2/20/2024 9:51,18100,18090,28708,18136,18140
2/20/2024 9:52,2/20/2024 9:52,18080,18070,3945,18112,18100
2/20/2024 9:53,2/20/2024 9:55,18070,18060,8846,18092,18090
2/20/2024 9:56,2/20/2024 10:01,18070,18080,14249,18080,18080
2/20/2024 10:02,2/20/2024 10:11,18060,18050,27486,18070,18070
2/20/2024 10:12,2/20/2024 10:13,18050,18040,4583,18060,18060
2/20/2024 10:14,2/20/2024 10:17,18040,18030,11348,18052,18050
2/20/2024 10:18,2/20/2024 10:22,18040,18050,8884,18050,18050
2/20/2024 10:23,2/20/2024 10:29,18040,18030,14961,18040,18040
2/20/2024 10:30,2/20/2024 10:30,18030,18020,1831,18034,18030
2/20/2024 10:31,2/20/2024 10:35,18010,18000,14942,18026,18030
2/20/2024 10:36,2/20/2024 10:43,18010,18020,11987,18024,18020
2/20/2024 10:44,2/20/2024 10:45,18020,18030,2517,18020,18020
2/20/2024 10:46,2/20/2024 10:46,18030,18040,2217,18022,18020
2/20/2024 10:47,2/20/2024 10:50,18040,18050,7187,18028,18030
2/20/2024 10:51,2/20/2024 10:55,18050,18060,10299,18040,18040
2/20/2024 10:56,2/20/2024 10:57,18060,18070,2322,18050,18050
2/20/2024 10:58,2/20/2024 11:00,18070,18080,4972,18060,18060
2/20/2024 11:01,2/20/2024 11:09,18090,18100,17683,18072,18070
2/20/2024 11:10,2/20/2024 11:31,18090,18080,24675,18078,18080
2/20/2024 11:32,2/20/2024 11:33,18070,18060,3719,18078,18080
2/20/2024 11:34,2/20/2024 11:36,18060,18050,5485,18074,18080
2/20/2024 11:37,2/20/2024 11:56,18050,18040,22069,18066,18060
2/20/2024 11:57,2/20/2024 11:59,18040,18030,4687,18052,18050
2/20/2024 12:00,2/20/2024 12:00,18030,18020,1409,18040,18040
2/20/2024 12:01,2/20/2024 12:06,18020,18010,10296,18030,18030
2/20/2024 12:07,2/20/2024 12:08,18010,18000,2135,18020,18020
2/20/2024 12:09,2/20/2024 12:16,18000,17990,12064,18010,18010
2/20/2024 12:17,2/20/2024 12:33,17990,17980,20269,18000,18000
2/20/2024 12:34,2/20/2024 12:38,17990,18000,5354,17996,18000
2/20/2024 12:39,2/20/2024 12:39,17990,17980,1527,17990,17990
2/20/2024 12:40,2/20/2024 12:42,17980,17970,5767,17984,17980
2/20/2024 12:43,2/20/2024 12:45,17990,18000,4217,17986,17980
2/20/2024 12:46,2/20/2024 12:53,18000,18010,8334,17992,18000
2/20/2024 12:54,2/20/2024 13:16,18010,18020,18505,17996,18000
2/20/2024 13:17,2/20/2024 13:19,18010,18000,3017,18000,18000
2/20/2024 13:20,2/20/2024 13:21,18010,18020,3135,18010,18010
2/20/2024 13:22,2/20/2024 13:27,18020,18030,6515,18016,18020
2/20/2024 13:28,2/20/2024 13:28,18020,18010,2248,18016,18020
2/20/2024 13:29,2/20/2024 13:33,18010,18000,5266,18012,18010
2/20/2024 13:34,2/20/2024 13:40,18000,17990,6807,18010,18010
2/20/2024 13:41,2/20/2024 13:41,18000,18010,1011,18008,18010
2/20/2024 13:42,2/20/2024 13:45,18010,18020,4105,18006,18010
2/20/2024 13:46,2/20/2024 13:59,18020,18030,11253,18010,18010
2/20/2024 14:00,2/20/2024 14:19,18030,18040,18490,18018,18020
2/20/2024 14:20,2/20/2024 14:22,18040,18050,5494,18030,18030
2/20/2024 14:23,2/20/2024 14:29,18040,18030,8111,18034,18030
2/20/2024 14:30,2/20/2024 14:41,18040,18050,9766,18040,18040
2/20/2024 14:42,2/20/2024 14:48,18050,18060,7705,18046,18050
2/20/2024 14:49,2/20/2024 14:49,18060,18070,1990,18052,18050
2/20/2024 14:50,2/20/2024 15:09,18070,18080,21886,18058,18060
2/20/2024 15:10,2/20/2024 15:10,18080,18090,1235,18070,18070
2/20/2024 15:11,2/20/2024 15:23,18090,18100,12770,18080,18080
2/20/2024 15:24,2/20/2024 15:28,18090,18080,4957,18084,18080
2/20/2024 15:29,2/20/2024 15:32,18090,18100,4145,18090,18090
2/20/2024 15:33,2/20/2024 15:33,18080,18070,2862,18088,18090
2/20/2024 15:34,2/20/2024 15:42,18060,18050,19533,18080,18080
2/20/2024 15:43,2/20/2024 15:43,18060,18070,1839,18074,18070
2/20/2024 15:44,2/20/2024 15:45,18070,18080,2430,18074,18070
2/20/2024 15:46,2/20/2024 15:58,18080,18090,24500,18072,18070
2/20/2024 15:59,2/20/2024 15:59,18090,18100,2478,18078,18080
2/20/2024 16:00,2/20/2024 16:05,18110,18120,18761,18092,18090
2/20/2024 16:06,2/20/2024 16:18,18110,18100,6031,18098,18100
2/20/2024 16:19,2/20/2024 17:00,18100,18090,4794,18100,18100
2/20/2024 18:01,2/20/2024 19:57,18090,18080,8384,18098,18100
2/20/2024 19:58,2/20/2024 20:01,18080,18070,852,18092,18090
2/20/2024 20:02,2/21/2024 1:03,18070,18060,15296,18080,18080
2/21/2024 1:04,2/21/2024 2:25,18070,18080,6410,18076,18080
2/21/2024 2:26,2/21/2024 3:10,18080,18090,5305,18076,18080
2/21/2024 3:11,2/21/2024 3:16,18080,18070,1612,18074,18070
2/21/2024 3:17,2/21/2024 3:19,18070,18060,621,18072,18070
2/21/2024 3:20,2/21/2024 3:29,18060,18050,3231,18070,18070
2/21/2024 3:30,2/21/2024 3:55,18050,18040,4676,18062,18060
2/21/2024 3:56,2/21/2024 5:18,18040,18030,11183,18050,18050
2/21/2024 5:19,2/21/2024 5:25,18040,18050,871,18046,18050
2/21/2024 5:26,2/21/2024 6:12,18050,18060,6374,18046,18050
2/21/2024 6:13,2/21/2024 6:13,18050,18040,362,18044,18040
2/21/2024 6:14,2/21/2024 7:05,18040,18030,8045,18042,18040
2/21/2024 7:06,2/21/2024 7:06,18030,18020,1026,18040,18040
2/21/2024 7:07,2/21/2024 7:12,18020,18010,2314,18032,18030
2/21/2024 7:13,2/21/2024 7:15,18020,18030,777,18026,18030
2/21/2024 7:16,2/21/2024 7:37,18030,18040,5104,18026,18030
2/21/2024 7:38,2/21/2024 7:47,18030,18020,2271,18024,18020
2/21/2024 7:48,2/21/2024 7:51,18020,18010,1698,18022,18020
2/21/2024 7:52,2/21/2024 9:05,18010,18000,22630,18020,18020
2/21/2024 9:06,2/21/2024 9:30,18010,18020,9661,18018,18020
2/21/2024 9:31,2/21/2024 9:42,18010,18000,38827,18010,18010
2/21/2024 9:43,2/21/2024 9:43,18000,17990,2397,18004,18000
2/21/2024 9:44,2/21/2024 9:56,17980,17970,33290,17996,18000
2/21/2024 9:57,2/21/2024 10:02,17980,17990,13992,17994,17990
2/21/2024 10:03,2/21/2024 10:03,17990,18000,3490,17990,17990
2/21/2024 10:04,2/21/2024 10:04,18000,18010,3438,17992,17990
2/21/2024 10:05,2/21/2024 10:08,18020,18030,10457,18000,18000
2/21/2024 10:09,2/21/2024 10:26,18020,18010,23699,18008,18010
2/21/2024 10:27,2/21/2024 10:30,18000,17990,8496,18008,18010
2/21/2024 10:31,2/21/2024 10:37,17980,17970,12765,18002,18010
2/21/2024 10:38,2/21/2024 11:07,17980,17990,33924,17998,17990
2/21/2024 11:08,2/21/2024 11:10,17990,18000,3946,17992,17990
2/21/2024 11:11,2/21/2024 11:14,18000,18010,3916,17992,17990
2/21/2024 11:15,2/21/2024 11:28,18010,18020,13125,17998,18000
2/21/2024 11:29,2/21/2024 11:46,18010,18000,15432,18004,18000
2/21/2024 11:47,2/21/2024 11:52,18000,17990,5752,18004,18000
2/21/2024 11:53,2/21/2024 11:55,18000,18010,2937,18006,18010
2/21/2024 11:56,2/21/2024 12:04,18010,18020,7688,18008,18010
2/21/2024 12:05,2/21/2024 12:05,18010,18000,1012,18004,18000
2/21/2024 12:06,2/21/2024 12:06,17990,17980,3391,18000,18000
2/21/2024 12:07,2/21/2024 12:10,17980,17970,5932,17996,18000
2/21/2024 12:11,2/21/2024 12:13,17970,17960,6571,17986,17980
2/21/2024 12:14,2/21/2024 12:46,17960,17950,31996,17972,17970
2/21/2024 12:47,2/21/2024 12:54,17960,17970,7518,17966,17970
2/21/2024 12:55,2/21/2024 13:02,17970,17980,11162,17966,17970
2/21/2024 13:03,2/21/2024 13:09,17960,17950,11796,17962,17960
2/21/2024 13:10,2/21/2024 13:12,17960,17970,2823,17964,17970
2/21/2024 13:13,2/21/2024 13:16,17970,17980,4386,17970,17970
2/21/2024 13:17,2/21/2024 13:28,17980,17990,12087,17974,17980
2/21/2024 13:29,2/21/2024 14:00,17980,17970,21829,17972,17970
2/21/2024 14:01,2/21/2024 14:02,17960,17950,5701,17972,17970
2/21/2024 14:03,2/21/2024 14:03,17950,17940,2016,17966,17970
2/21/2024 14:04,2/21/2024 14:09,17960,17970,15856,17964,17970
2/21/2024 14:10,2/21/2024 14:15,17970,17980,6349,17962,17970
2/21/2024 14:16,2/21/2024 14:22,17970,17960,10550,17960,17960
2/21/2024 14:23,2/21/2024 14:23,17960,17950,1870,17960,17960
2/21/2024 14:24,2/21/2024 14:24,17950,17940,4064,17960,17960
2/21/2024 14:25,2/21/2024 14:25,17940,17930,1947,17952,17950
2/21/2024 14:26,2/21/2024 14:38,17920,17910,20858,17938,17940
2/21/2024 14:39,2/21/2024 14:42,17910,17900,5186,17926,17930
2/21/2024 14:43,2/21/2024 14:55,17900,17890,15012,17914,17910
2/21/2024 14:56,2/21/2024 15:01,17900,17910,6507,17908,17910
2/21/2024 15:02,2/21/2024 15:09,17910,17920,7502,17906,17910
2/21/2024 15:10,2/21/2024 15:25,17910,17900,14868,17904,17900
2/21/2024 15:26,2/21/2024 15:29,17910,17920,4657,17908,17910
2/21/2024 15:30,2/21/2024 15:31,17920,17930,2300,17916,17920
2/21/2024 15:32,2/21/2024 15:32,17930,17940,1787,17922,17920
2/21/2024 15:33,2/21/2024 15:34,17940,17950,3636,17928,17930
2/21/2024 15:35,2/21/2024 15:35,17950,17960,1411,17940,17940
2/21/2024 15:36,2/21/2024 15:37,17970,17980,4551,17952,17950
2/21/2024 15:38,2/21/2024 15:40,17980,17990,5889,17964,17960
2/21/2024 15:41,2/21/2024 15:43,17990,18000,3840,17976,17980
2/21/2024 15:44,2/21/2024 15:51,18000,18010,12097,17988,17990
2/21/2024 15:52,2/21/2024 15:55,18010,18020,6881,18000,18000
2/21/2024 15:56,2/21/2024 16:04,18030,18040,24031,18012,18010
2/21/2024 16:05,2/21/2024 16:20,18040,18050,6169,18024,18020
2/21/2024 16:21,2/21/2024 16:21,18050,18060,1957,18036,18040
2/21/2024 16:22,2/21/2024 16:22,17950,17940,4815,18022,18040
2/21/2024 16:23,2/21/2024 16:23,17950,17960,3254,18010,18040
2/21/2024 16:24,2/21/2024 16:24,18000,18010,2580,18004,18010
2/21/2024 16:25,2/21/2024 16:27,18040,18050,5433,18004,18010
2/21/2024 16:28,2/21/2024 16:28,18050,18060,976,18004,18010
2/21/2024 16:29,2/21/2024 16:29,18110,18120,1756,18040,18050
2/21/2024 16:30,2/21/2024 16:30,18140,18150,2238,18078,18060
2/21/2024 16:31,2/21/2024 16:34,18170,18180,6820,18112,18120
2/21/2024 16:35,2/21/2024 16:35,18170,18160,696,18134,18150
2/21/2024 16:36,2/21/2024 16:45,18160,18150,6998,18152,18150
2/21/2024 16:46,2/21/2024 16:48,18170,18180,2190,18164,18160
2/21/2024 16:49,2/21/2024 16:57,18180,18190,3932,18172,18180
2/21/2024 16:58,2/21/2024 16:59,18190,18200,782,18176,18180
2/21/2024 17:00,2/21/2024 18:05,18210,18220,3095,18188,18190
2/21/2024 18:06,2/21/2024 18:07,18210,18200,684,18198,18200
2/21/2024 18:08,2/21/2024 18:17,18200,18190,2163,18200,18200
2/21/2024 18:18,2/21/2024 19:02,18200,18210,6084,18204,18200
2/21/2024 19:03,2/21/2024 19:06,18210,18220,1244,18208,18210
2/21/2024 19:07,2/21/2024 19:17,18230,18240,2629,18212,18210
2/21/2024 19:18,2/21/2024 19:38,18240,18250,2987,18222,18220
2/21/2024 19:39,2/21/2024 19:46,18250,18260,1997,18236,18240
2/21/2024 19:47,2/21/2024 19:50,18260,18270,1565,18248,18250
2/21/2024 19:51,2/21/2024 19:52,18270,18280,1335,18260,18260
2/21/2024 19:53,2/21/2024 20:31,18280,18290,7159,18270,18270
2/21/2024 20:32,2/21/2024 20:55,18290,18300,3348,18280,18280
2/21/2024 20:56,2/21/2024 21:52,18290,18280,6634,18284,18280
2/21/2024 21:53,2/22/2024 0:24,18290,18300,8593,18290,18290
2/22/2024 0:25,2/22/2024 0:47,18300,18310,1691,18296,18300
2/22/2024 0:48,2/22/2024 0:55,18310,18320,2310,18302,18300
2/22/2024 0:56,2/22/2024 1:36,18310,18300,3355,18302,18300
2/22/2024 1:37,2/22/2024 1:41,18310,18320,1216,18310,18310
2/22/2024 1:42,2/22/2024 2:49,18320,18330,8386,18316,18320
2/22/2024 2:50,2/22/2024 2:55,18330,18340,1505,18322,18320
2/22/2024 2:56,2/22/2024 3:00,18340,18350,910,18328,18330
2/22/2024 3:01,2/22/2024 3:06,18350,18360,3192,18340,18340
2/22/2024 3:07,2/22/2024 3:07,18360,18370,425,18350,18350
2/22/2024 3:08,2/22/2024 3:11,18370,18380,2257,18360,18360
2/22/2024 3:12,2/22/2024 3:19,18380,18390,3463,18370,18370
2/22/2024 3:20,2/22/2024 4:03,18390,18400,11190,18380,18380
2/22/2024 4:04,2/22/2024 4:10,18390,18380,3513,18384,18380
2/22/2024 4:11,2/22/2024 4:17,18390,18400,1943,18390,18390
2/22/2024 4:18,2/22/2024 5:08,18390,18380,11780,18390,18390
2/22/2024 5:09,2/22/2024 6:16,18390,18400,10518,18392,18400
2/22/2024 6:17,2/22/2024 6:19,18400,18410,1692,18394,18400
2/22/2024 6:20,2/22/2024 6:21,18410,18420,1111,18402,18400
2/22/2024 6:22,2/22/2024 7:06,18420,18430,10828,18408,18410
2/22/2024 7:07,2/22/2024 7:16,18420,18410,2957,18414,18410
2/22/2024 7:17,2/22/2024 9:12,18410,18400,34712,18414,18410
2/22/2024 9:13,2/22/2024 9:24,18400,18390,5581,18410,18410
2/22/2024 9:25,2/22/2024 9:29,18390,18380,3692,18402,18400
2/22/2024 9:30,2/22/2024 9:33,18390,18400,26792,18396,18400
2/22/2024 9:34,2/22/2024 9:39,18390,18380,23312,18390,18390
2/22/2024 9:40,2/22/2024 9:40,18390,18400,2703,18390,18390
2/22/2024 9:41,2/22/2024 9:45,18400,18410,12171,18394,18400
2/22/2024 9:46,2/22/2024 9:48,18430,18440,12332,18406,18400
2/22/2024 9:49,2/22/2024 9:50,18440,18450,6969,18416,18410
2/22/2024 9:51,2/22/2024 9:51,18460,18470,5171,18434,18440
2/22/2024 9:52,2/22/2024 9:52,18460,18450,4201,18444,18450
2/22/2024 9:53,2/22/2024 9:53,18450,18440,3568,18450,18450
2/22/2024 9:54,2/22/2024 10:01,18430,18420,24868,18446,18450
2/22/2024 10:02,2/22/2024 10:03,18430,18440,5793,18444,18440
2/22/2024 10:04,2/22/2024 10:06,18430,18420,7064,18434,18440
2/22/2024 10:07,2/22/2024 10:08,18430,18440,4275,18432,18440
2/22/2024 10:09,2/22/2024 10:29,18440,18450,40155,18434,18440
2/22/2024 10:30,2/22/2024 10:30,18450,18460,2617,18442,18440
2/22/2024 10:31,2/22/2024 10:42,18460,18470,19044,18448,18450
2/22/2024 10:43,2/22/2024 10:45,18460,18450,4418,18454,18450
2/22/2024 10:46,2/22/2024 10:46,18440,18430,3254,18452,18450
2/22/2024 10:47,2/22/2024 11:06,18430,18420,28735,18446,18450
2/22/2024 11:07,2/22/2024 11:12,18440,18450,9964,18444,18450
2/22/2024 11:13,2/22/2024 11:16,18450,18460,4746,18442,18450
2/22/2024 11:17,2/22/2024 11:18,18460,18470,3089,18446,18450
2/22/2024 11:19,2/22/2024 11:51,18470,18480,37995,18456,18460
2/22/2024 11:52,2/22/2024 12:08,18470,18460,17966,18464,18460
2/22/2024 12:09,2/22/2024 12:20,18470,18480,9019,18470,18470
2/22/2024 12:21,2/22/2024 12:28,18480,18490,7602,18476,18480
2/22/2024 12:29,2/22/2024 12:52,18490,18500,18788,18482,18480
2/22/2024 12:53,2/22/2024 12:56,18500,18510,4406,18488,18490
2/22/2024 12:57,2/22/2024 13:08,18510,18520,10409,18500,18500
2/22/2024 13:09,2/22/2024 13:33,18520,18530,17870,18510,18510
2/22/2024 13:34,2/22/2024 13:42,18530,18540,6321,18520,18520
2/22/2024 13:43,2/22/2024 13:46,18540,18550,3595,18530,18530
2/22/2024 13:47,2/22/2024 14:06,18550,18560,16165,18540,18540
2/22/2024 14:07,2/22/2024 14:15,18560,18570,6715,18550,18550
2/22/2024 14:16,2/22/2024 14:23,18570,18580,5738,18560,18560
2/22/2024 14:24,2/22/2024 14:40,18580,18590,17969,18570,18570
2/22/2024 14:41,2/22/2024 14:56,18580,18570,12836,18574,18570
2/22/2024 14:57,2/22/2024 14:57,18570,18560,2561,18574,18570
2/22/2024 14:58,2/22/2024 15:03,18560,18550,9373,18570,18570
2/22/2024 15:04,2/22/2024 15:05,18560,18570,3402,18568,18570
2/22/2024 15:06,2/22/2024 15:22,18570,18580,15160,18566,18570
2/22/2024 15:23,2/22/2024 15:29,18580,18590,7087,18570,18570
2/22/2024 15:30,2/22/2024 15:31,18580,18570,2815,18572,18570
2/22/2024 15:32,2/22/2024 15:37,18570,18560,7116,18574,18570
2/22/2024 15:38,2/22/2024 15:42,18570,18580,5550,18576,18580
2/22/2024 15:43,2/22/2024 15:51,18580,18590,11290,18578,18580
2/22/2024 15:52,2/22/2024 15:59,18580,18570,19517,18574,18570
2/22/2024 16:00,2/22/2024 16:00,18570,18560,12001,18572,18570
2/22/2024 16:01,2/22/2024 16:02,18560,18550,6229,18570,18570
2/22/2024 16:03,2/22/2024 16:17,18550,18540,11945,18562,18560
2/22/2024 16:18,2/22/2024 18:28,18540,18530,9417,18550,18550
2/22/2024 18:29,2/22/2024 19:35,18540,18550,4897,18546,18550
2/22/2024 19:36,2/22/2024 20:32,18540,18530,4339,18540,18540
2/22/2024 20:33,2/22/2024 23:49,18540,18550,8010,18540,18540
2/22/2024 23:50,2/23/2024 3:05,18550,18560,11409,18544,18550
2/23/2024 3:06,2/23/2024 3:07,18550,18540,965,18546,18550
2/23/2024 3:08,2/23/2024 4:26,18540,18530,9564,18542,18540
2/23/2024 4:27,2/23/2024 6:21,18530,18520,12926,18540,18540
2/23/2024 6:22,2/23/2024 7:02,18530,18540,4355,18538,18540
2/23/2024 7:03,2/23/2024 8:09,18540,18550,9633,18536,18540
2/23/2024 8:10,2/23/2024 8:23,18550,18560,3130,18540,18540
2/23/2024 8:24,2/23/2024 8:33,18560,18570,3283,18548,18550
2/23/2024 8:34,2/23/2024 8:37,18570,18580,2485,18560,18560
2/23/2024 8:38,2/23/2024 9:16,18580,18590,15072,18570,18570
2/23/2024 9:17,2/23/2024 9:20,18590,18600,2616,18580,18580
2/23/2024 9:21,2/23/2024 9:31,18610,18620,13797,18592,18590
2/23/2024 9:32,2/23/2024 9:38,18630,18640,27855,18606,18600
2/23/2024 9:39,2/23/2024 9:49,18640,18650,23568,18620,18620
2/23/2024 9:50,2/23/2024 9:56,18630,18620,14031,18626,18620
2/23/2024 9:57,2/23/2024 9:57,18610,18600,4022,18626,18620
2/23/2024 9:58,2/23/2024 9:58,18600,18590,4531,18620,18620
2/23/2024 9:59,2/23/2024 10:00,18590,18580,6244,18608,18600
2/23/2024 10:01,2/23/2024 10:02,18580,18570,8737,18592,18590
2/23/2024 10:03,2/23/2024 10:22,18580,18590,33679,18586,18590
2/23/2024 10:23,2/23/2024 10:29,18580,18570,14815,18580,18580
2/23/2024 10:30,2/23/2024 10:42,18570,18560,24715,18574,18570
2/23/2024 10:43,2/23/2024 10:44,18560,18550,6354,18568,18570
2/23/2024 10:45,2/23/2024 10:51,18550,18540,13043,18562,18560
2/23/2024 10:52,2/23/2024 10:55,18550,18560,5865,18556,18560
2/23/2024 10:56,2/23/2024 10:59,18550,18540,7953,18550,18550
2/23/2024 11:00,2/23/2024 11:00,18540,18530,1587,18544,18540
2/23/2024 11:01,2/23/2024 11:02,18530,18520,5190,18538,18540
2/23/2024 11:03,2/23/2024 11:04,18520,18510,5510,18532,18530
2/23/2024 11:05,2/23/2024 11:13,18490,18480,22666,18516,18520
2/23/2024 11:14,2/23/2024 11:16,18470,18460,7630,18500,18510
2/23/2024 11:17,2/23/2024 11:20,18470,18480,6650,18490,18480
2/23/2024 11:21,2/23/2024 11:22,18480,18490,2931,18484,18480
2/23/2024 11:23,2/23/2024 11:26,18490,18500,5898,18482,18480
2/23/2024 11:27,2/23/2024 11:28,18500,18510,3919,18488,18490
2/23/2024 11:29,2/23/2024 11:55,18510,18520,35279,18500,18500
2/23/2024 11:56,2/23/2024 11:57,18520,18530,4394,18510,18510
2/23/2024 11:58,2/23/2024 12:00,18530,18540,3280,18520,18520
2/23/2024 12:01,2/23/2024 12:05,18540,18550,6867,18530,18530
2/23/2024 12:06,2/23/2024 12:11,18550,18560,7013,18540,18540
2/23/2024 12:12,2/23/2024 12:15,18560,18570,4618,18550,18550
2/23/2024 12:16,2/23/2024 12:18,18560,18550,4444,18554,18550
2/23/2024 12:19,2/23/2024 12:27,18550,18540,8909,18554,18550
2/23/2024 12:28,2/23/2024 12:30,18540,18530,4043,18550,18550
2/23/2024 12:31,2/23/2024 12:38,18530,18520,8676,18542,18540
2/23/2024 12:39,2/23/2024 12:52,18530,18540,13778,18536,18540
2/23/2024 12:53,2/23/2024 13:11,18540,18550,13527,18536,18540
2/23/2024 13:12,2/23/2024 14:01,18550,18560,32202,18540,18540
2/23/2024 14:02,2/23/2024 14:02,18550,18540,991,18542,18540
2/23/2024 14:03,2/23/2024 14:10,18540,18530,8193,18544,18540
2/23/2024 14:11,2/23/2024 14:24,18530,18520,10910,18540,18540
2/23/2024 14:25,2/23/2024 14:38,18520,18510,13462,18532,18530
2/23/2024 14:39,2/23/2024 15:08,18520,18530,20159,18526,18530
2/23/2024 15:09,2/23/2024 15:09,18520,18510,1519,18520,18520
2/23/2024 15:10,2/23/2024 15:14,18510,18500,5524,18514,18510
2/23/2024 15:15,2/23/2024 15:30,18500,18490,15604,18508,18510
2/23/2024 15:31,2/23/2024 15:36,18490,18480,7216,18502,18500
2/23/2024 15:37,2/23/2024 15:38,18490,18500,2315,18496,18500
2/23/2024 15:39,2/23/2024 15:50,18500,18510,11098,18496,18500
2/23/2024 15:51,2/23/2024 15:59,18510,18520,14615,18500,18500
2/23/2024 16:00,2/23/2024 16:00,18510,18500,7263,18502,18500
2/23/2024 16:01,2/23/2024 16:03,18500,18490,7542,18504,18500
2/23/2024 16:04,2/23/2024 16:17,18490,18480,5949,18500,18500
2/23/2024 16:18,2/25/2024 18:09,18480,18470,6811,18492,18490
2/25/2024 18:10,2/25/2024 19:02,18480,18490,3853,18486,18490
2/25/2024 19:03,2/25/2024 19:45,18480,18470,4377,18480,18480
2/25/2024 19:46,2/25/2024 19:47,18470,18460,292,18474,18470
2/25/2024 19:48,2/25/2024 19:50,18460,18450,787,18468,18470
2/25/2024 19:51,2/25/2024 20:31,18450,18440,5923,18462,18460
2/25/2024 20:32,2/25/2024 21:43,18450,18460,5031,18456,18460
2/25/2024 21:44,2/26/2024 1:38,18460,18470,9889,18456,18460
2/26/2024 1:39,2/26/2024 3:30,18460,18450,9996,18454,18450
2/26/2024 3:31,2/26/2024 3:49,18460,18470,2562,18458,18460
2/26/2024 3:50,2/26/2024 4:09,18470,18480,2855,18466,18470
2/26/2024 4:10,2/26/2024 4:28,18470,18460,2740,18466,18470
2/26/2024 4:29,2/26/2024 4:38,18470,18480,1207,18468,18470
2/26/2024 4:39,2/26/2024 4:57,18480,18490,2283,18476,18480
2/26/2024 4:58,2/26/2024 5:45,18490,18500,4039,18482,18480
2/26/2024 5:46,2/26/2024 7:03,18500,18510,6649,18488,18490
2/26/2024 7:04,2/26/2024 8:18,18500,18490,9856,18494,18490
2/26/2024 8:19,2/26/2024 8:24,18500,18510,1225,18500,18500
2/26/2024 8:25,2/26/2024 8:33,18510,18520,2374,18506,18510
2/26/2024 8:34,2/26/2024 9:30,18520,18530,14124,18512,18510
2/26/2024 9:31,2/26/2024 9:31,18530,18540,5583,18518,18520
2/26/2024 9:32,2/26/2024 9:34,18540,18550,13552,18530,18530
2/26/2024 9:35,2/26/2024 9:44,18540,18530,23686,18534,18530
2/26/2024 9:45,2/26/2024 9:46,18520,18510,7008,18532,18530
2/26/2024 9:47,2/26/2024 9:47,18510,18500,2226,18526,18530
2/26/2024 9:48,2/26/2024 10:07,18500,18490,37567,18516,18510
2/26/2024 10:08,2/26/2024 10:17,18500,18510,14632,18508,18510
2/26/2024 10:18,2/26/2024 10:19,18510,18520,2556,18506,18510
2/26/2024 10:20,2/26/2024 10:23,18520,18530,7114,18510,18510
2/26/2024 10:24,2/26/2024 11:07,18530,18540,50618,18518,18520
2/26/2024 11:08,2/26/2024 11:08,18530,18520,3031,18524,18520
2/26/2024 11:09,2/26/2024 11:11,18520,18510,3400,18524,18520
2/26/2024 11:12,2/26/2024 11:38,18520,18530,24674,18526,18530
2/26/2024 11:39,2/26/2024 11:44,18530,18540,6650,18528,18530
2/26/2024 11:45,2/26/2024 11:51,18540,18550,5837,18530,18530
2/26/2024 11:52,2/26/2024 12:01,18550,18560,10968,18538,18540
2/26/2024 12:02,2/26/2024 12:24,18550,18540,14689,18544,18540
2/26/2024 12:25,2/26/2024 12:45,18550,18560,14795,18550,18550
2/26/2024 12:46,2/26/2024 12:53,18550,18540,5709,18550,18550
2/26/2024 12:54,2/26/2024 13:10,18540,18530,13339,18546,18540
2/26/2024 13:11,2/26/2024 13:19,18540,18550,6236,18544,18540
2/26/2024 13:20,2/26/2024 13:26,18540,18530,7065,18542,18540
2/26/2024 13:27,2/26/2024 13:35,18520,18510,11611,18532,18530
2/26/2024 13:36,2/26/2024 13:58,18510,18500,18495,18524,18530
2/26/2024 13:59,2/26/2024 14:01,18510,18520,2374,18522,18520
2/26/2024 14:02,2/26/2024 14:06,18520,18530,4071,18518,18520
2/26/2024 14:07,2/26/2024 14:14,18530,18540,8261,18520,18520
2/26/2024 14:15,2/26/2024 14:23,18530,18520,5645,18522,18520
2/26/2024 14:24,2/26/2024 15:05,18530,18540,27736,18530,18530
2/26/2024 15:06,2/26/2024 15:13,18530,18520,6073,18530,18530
2/26/2024 15:14,2/26/2024 15:31,18530,18540,13620,18532,18540
2/26/2024 15:32,2/26/2024 15:34,18530,18520,3015,18528,18520
2/26/2024 15:35,2/26/2024 15:51,18520,18510,14483,18526,18520
2/26/2024 15:52,2/26/2024 15:59,18510,18500,9512,18518,18520
2/26/2024 16:00,2/26/2024 16:00,18500,18490,7225,18512,18510
2/26/2024 16:01,2/26/2024 16:41,18490,18480,13280,18500,18500
2/26/2024 16:42,2/26/2024 16:56,18480,18470,1483,18490,18490
2/26/2024 16:57,2/26/2024 18:44,18470,18460,3414,18480,18480
2/26/2024 18:45,2/26/2024 19:05,18470,18480,1245,18476,18480
2/26/2024 19:06,2/27/2024 0:40,18470,18460,15603,18470,18470
2/27/2024 0:41,2/27/2024 0:43,18460,18450,887,18464,18460
2/27/2024 0:44,2/27/2024 2:11,18450,18440,4033,18458,18460
2/27/2024 2:12,2/27/2024 2:17,18450,18460,586,18458,18460
2/27/2024 2:18,2/27/2024 2:29,18460,18470,948,18456,18460
2/27/2024 2:30,2/27/2024 2:39,18470,18480,1875,18460,18460
2/27/2024 2:40,2/27/2024 3:37,18480,18490,6786,18468,18470
2/27/2024 3:38,2/27/2024 4:02,18480,18470,3291,18474,18470
2/27/2024 4:03,2/27/2024 4:04,18480,18490,533,18480,18480
2/27/2024 4:05,2/27/2024 4:24,18490,18500,3665,18486,18490
2/27/2024 4:25,2/27/2024 4:29,18500,18510,897,18492,18490
2/27/2024 4:30,2/27/2024 5:08,18510,18520,3520,18498,18500
2/27/2024 5:09,2/27/2024 7:18,18520,18530,12854,18510,18510
2/27/2024 7:19,2/27/2024 8:16,18530,18540,9852,18520,18520
2/27/2024 8:17,2/27/2024 8:17,18530,18520,420,18524,18520
2/27/2024 8:18,2/27/2024 8:50,18520,18510,12286,18524,18520
2/27/2024 8:51,2/27/2024 8:57,18520,18530,2137,18526,18530
2/27/2024 8:58,2/27/2024 9:37,18530,18540,32059,18528,18530
2/27/2024 9:38,2/27/2024 9:38,18530,18520,2082,18524,18520
2/27/2024 9:39,2/27/2024 9:39,18520,18510,3243,18522,18520
2/27/2024 9:40,2/27/2024 9:40,18510,18500,3430,18520,18520
2/27/2024 9:41,2/27/2024 9:41,18490,18480,5344,18510,18510
2/27/2024 9:42,2/27/2024 9:48,18470,18460,19368,18494,18500
2/27/2024 9:49,2/27/2024 9:56,18470,18480,13228,18486,18480
2/27/2024 9:57,2/27/2024 10:00,18480,18490,5596,18482,18480
2/27/2024 10:01,2/27/2024 10:01,18500,18510,4375,18484,18480
2/27/2024 10:02,2/27/2024 10:05,18510,18520,7471,18492,18490
2/27/2024 10:06,2/27/2024 10:18,18510,18500,21138,18500,18500
2/27/2024 10:19,2/27/2024 10:19,18510,18520,2870,18508,18510
2/27/2024 10:20,2/27/2024 10:27,18520,18530,13763,18516,18520
2/27/2024 10:28,2/27/2024 10:42,18520,18510,21383,18516,18520
2/27/2024 10:43,2/27/2024 10:48,18510,18500,9155,18512,18510
2/27/2024 10:49,2/27/2024 11:05,18520,18530,19016,18518,18520
2/27/2024 11:06,2/27/2024 11:09,18520,18510,4283,18516,18510
2/27/2024 11:10,2/27/2024 11:29,18510,18500,20982,18510,18510
2/27/2024 11:30,2/27/2024 11:56,18500,18490,27006,18506,18500
2/27/2024 11:57,2/27/2024 12:22,18500,18510,21713,18508,18510
2/27/2024 12:23,2/27/2024 12:24,18500,18490,4477,18500,18500
2/27/2024 12:25,2/27/2024 12:38,18490,18480,12584,18494,18490
2/27/2024 12:39,2/27/2024 12:51,18480,18470,12312,18488,18490
2/27/2024 12:52,2/27/2024 12:52,18470,18460,987,18482,18480
2/27/2024 12:53,2/27/2024 12:55,18460,18450,3426,18470,18470
2/27/2024 12:56,2/27/2024 13:12,18450,18440,26733,18460,18460
2/27/2024 13:13,2/27/2024 13:56,18450,18460,33082,18456,18460
2/27/2024 13:57,2/27/2024 13:59,18460,18470,3540,18456,18460
2/27/2024 14:00,2/27/2024 14:06,18470,18480,6938,18460,18460
2/27/2024 14:07,2/27/2024 14:15,18480,18490,6174,18468,18470
2/27/2024 14:16,2/27/2024 14:16,18490,18500,1528,18480,18480
2/27/2024 14:17,2/27/2024 14:30,18500,18510,14050,18490,18490
2/27/2024 14:31,2/27/2024 14:34,18510,18520,5336,18500,18500
2/27/2024 14:35,2/27/2024 20:00,18520,18530,96315,18510,18510
2/27/2024 20:01,2/28/2024 1:22,18520,18510,11817,18514,18510
2/28/2024 1:23,2/28/2024 2:28,18510,18500,3799,18514,18510
2/28/2024 2:29,2/28/2024 3:20,18500,18490,5651,18510,18510
2/28/2024 3:21,2/28/2024 3:24,18490,18480,779,18502,18500
2/28/2024 3:25,2/28/2024 3:31,18480,18470,1495,18490,18490
2/28/2024 3:32,2/28/2024 4:27,18470,18460,8929,18480,18480
2/28/2024 4:28,2/28/2024 4:29,18460,18450,854,18470,18470
2/28/2024 4:30,2/28/2024 4:33,18450,18440,2279,18460,18460
2/28/2024 4:34,2/28/2024 4:41,18440,18430,2138,18450,18450
2/28/2024 4:42,2/28/2024 5:28,18420,18410,10250,18438,18440
2/28/2024 5:29,2/28/2024 5:36,18420,18430,2070,18432,18430
2/28/2024 5:37,2/28/2024 5:40,18430,18440,1405,18430,18430
2/28/2024 5:41,2/28/2024 6:40,18440,18450,6515,18432,18430
2/28/2024 6:41,2/28/2024 7:54,18450,18460,11151,18438,18440
2/28/2024 7:55,2/28/2024 8:31,18450,18440,8294,18444,18440
2/28/2024 8:32,2/28/2024 8:40,18450,18460,5931,18450,18450
2/28/2024 8:41,2/28/2024 9:32,18450,18440,28607,18450,18450
2/28/2024 9:33,2/28/2024 9:33,18440,18430,4724,18446,18440
2/28/2024 9:34,2/28/2024 9:35,18430,18420,7438,18438,18440
2/28/2024 9:36,2/28/2024 9:43,18440,18450,18456,18440,18440
2/28/2024 9:44,2/28/2024 9:47,18440,18430,9789,18434,18430
2/28/2024 9:48,2/28/2024 9:50,18430,18420,7580,18430,18430
2/28/2024 9:51,2/28/2024 10:08,18410,18400,40910,18424,18420
2/28/2024 10:09,2/28/2024 10:12,18410,18420,8434,18424,18420
2/28/2024 10:13,2/28/2024 10:27,18420,18430,17455,18420,18420
2/28/2024 10:28,2/28/2024 10:35,18420,18410,10812,18416,18420
2/28/2024 10:36,2/28/2024 11:00,18420,18430,23473,18418,18420
2/28/2024 11:01,2/28/2024 11:01,18440,18450,4939,18428,18430
2/28/2024 11:02,2/28/2024 11:20,18450,18460,20155,18436,18430
2/28/2024 11:21,2/28/2024 11:38,18460,18470,14428,18444,18450
2/28/2024 11:39,2/28/2024 12:02,18470,18480,17892,18458,18460
2/28/2024 12:03,2/28/2024 12:21,18470,18460,12749,18464,18460
2/28/2024 12:22,2/28/2024 12:27,18460,18450,4200,18464,18460
2/28/2024 12:28,2/28/2024 12:33,18450,18440,5896,18460,18460
2/28/2024 12:34,2/28/2024 12:34,18440,18430,2815,18452,18450
2/28/2024 12:35,2/28/2024 13:10,18430,18420,29578,18440,18440
2/28/2024 13:11,2/28/2024 13:16,18420,18410,4905,18430,18430
2/28/2024 13:17,2/28/2024 13:22,18420,18430,4785,18426,18430
2/28/2024 13:23,2/28/2024 13:30,18430,18440,5497,18426,18430
2/28/2024 13:31,2/28/2024 13:38,18440,18450,6720,18430,18430
2/28/2024 13:39,2/28/2024 14:08,18450,18460,21056,18438,18440
2/28/2024 14:09,2/28/2024 14:11,18450,18440,2666,18444,18440
2/28/2024 14:12,2/28/2024 14:15,18440,18430,5331,18444,18440
2/28/2024 14:16,2/28/2024 14:35,18430,18420,15905,18440,18440
2/28/2024 14:36,2/28/2024 14:51,18420,18410,13581,18432,18430
2/28/2024 14:52,2/28/2024 14:56,18410,18400,5169,18420,18420
2/28/2024 14:57,2/28/2024 15:02,18410,18420,5358,18416,18420
2/28/2024 15:03,2/28/2024 15:10,18420,18430,8130,18416,18420
2/28/2024 15:11,2/28/2024 15:23,18420,18410,8127,18414,18410
2/28/2024 15:24,2/28/2024 15:53,18420,18430,21989,18418,18420
2/28/2024 15:54,2/28/2024 16:05,18420,18410,22421,18420,18420
2/28/2024 16:06,2/28/2024 16:06,18410,18400,716,18416,18410
2/28/2024 16:07,2/28/2024 16:17,18400,18390,5982,18408,18410
2/28/2024 16:18,2/28/2024 16:38,18390,18380,3787,18402,18400
2/28/2024 16:39,2/28/2024 16:49,18380,18370,2604,18390,18390
2/28/2024 16:50,2/28/2024 17:00,18370,18360,2355,18380,18380
2/28/2024 18:01,2/28/2024 19:06,18370,18380,4808,18376,18380
2/28/2024 19:07,2/28/2024 19:27,18380,18390,1721,18376,18380
2/28/2024 19:28,2/28/2024 19:44,18390,18400,1486,18380,18380
2/28/2024 19:45,2/28/2024 21:56,18400,18410,7879,18388,18390
2/28/2024 21:57,2/28/2024 23:28,18410,18420,4064,18400,18400
2/28/2024 23:29,2/29/2024 0:03,18420,18430,2774,18410,18410
2/29/2024 0:04,2/29/2024 1:44,18430,18440,4844,18420,18420
2/29/2024 1:45,2/29/2024 2:00,18430,18420,1019,18424,18420
2/29/2024 2:01,2/29/2024 2:57,18420,18410,5000,18424,18420
2/29/2024 2:58,2/29/2024 3:08,18410,18400,1987,18420,18420
2/29/2024 3:09,2/29/2024 3:09,18400,18390,418,18412,18410
2/29/2024 3:10,2/29/2024 3:10,18390,18380,671,18400,18400
2/29/2024 3:11,2/29/2024 3:11,18370,18360,1854,18388,18390
2/29/2024 3:12,2/29/2024 3:17,18360,18350,3065,18376,18380
2/29/2024 3:18,2/29/2024 3:39,18360,18370,3938,18370,18370
2/29/2024 3:40,2/29/2024 4:06,18370,18380,4743,18368,18370
2/29/2024 4:07,2/29/2024 4:36,18370,18360,4329,18364,18360
2/29/2024 4:37,2/29/2024 5:23,18370,18380,5087,18368,18370
2/29/2024 5:24,2/29/2024 6:07,18380,18390,4893,18376,18380
2/29/2024 6:08,2/29/2024 7:20,18390,18400,6657,18382,18380
2/29/2024 7:21,2/29/2024 8:30,18390,18380,10812,18382,18380
2/29/2024 8:31,2/29/2024 8:31,18430,18440,4902,18398,18390
2/29/2024 8:32,2/29/2024 8:34,18450,18460,5751,18414,18400
2/29/2024 8:35,2/29/2024 8:35,18460,18470,1400,18430,18440
2/29/2024 8:36,2/29/2024 8:39,18480,18490,8201,18448,18460
2/29/2024 8:40,2/29/2024 8:40,18490,18500,829,18472,18470
2/29/2024 8:41,2/29/2024 8:51,18510,18520,13592,18488,18490
2/29/2024 8:52,2/29/2024 9:11,18520,18530,15074,18502,18500
2/29/2024 9:12,2/29/2024 9:30,18530,18540,10527,18516,18520
2/29/2024 9:31,2/29/2024 9:34,18550,18560,19664,18530,18530
2/29/2024 9:35,2/29/2024 9:35,18560,18570,3522,18544,18540
2/29/2024 9:36,2/29/2024 9:39,18570,18580,11728,18556,18560
2/29/2024 9:40,2/29/2024 9:46,18570,18560,13333,18562,18560
2/29/2024 9:47,2/29/2024 9:55,18560,18550,15242,18564,18560
2/29/2024 9:56,2/29/2024 10:10,18560,18570,25478,18566,18570
2/29/2024 10:11,2/29/2024 10:11,18540,18530,5628,18558,18560
2/29/2024 10:12,2/29/2024 10:13,18530,18520,6859,18546,18550
2/29/2024 10:14,2/29/2024 10:18,18510,18500,14039,18534,18530
2/29/2024 10:19,2/29/2024 10:23,18510,18520,7653,18528,18520
2/29/2024 10:24,2/29/2024 10:39,18520,18530,16975,18520,18520
2/29/2024 10:40,2/29/2024 10:43,18530,18540,4868,18522,18520
2/29/2024 10:44,2/29/2024 10:49,18530,18520,10277,18522,18520
2/29/2024 10:50,2/29/2024 10:53,18530,18540,6098,18530,18530
2/29/2024 10:54,2/29/2024 10:54,18530,18520,1404,18530,18530
2/29/2024 10:55,2/29/2024 11:01,18520,18510,9853,18526,18520
2/29/2024 11:02,2/29/2024 11:02,18510,18500,1951,18518,18520
2/29/2024 11:03,2/29/2024 11:06,18500,18490,8447,18512,18510
2/29/2024 11:07,2/29/2024 11:14,18500,18510,7935,18506,18510
2/29/2024 11:15,2/29/2024 11:29,18510,18520,13483,18506,18510
2/29/2024 11:30,2/29/2024 11:30,18510,18500,1787,18504,18500
2/29/2024 11:31,2/29/2024 11:34,18500,18490,6850,18502,18500
2/29/2024 11:35,2/29/2024 11:38,18480,18470,7407,18498,18500
2/29/2024 11:39,2/29/2024 11:39,18460,18450,4638,18486,18490
2/29/2024 11:40,2/29/2024 11:40,18450,18440,3609,18470,18470
2/29/2024 11:41,2/29/2024 11:44,18430,18420,12111,18454,18450
2/29/2024 11:45,2/29/2024 11:47,18430,18440,5520,18444,18440
2/29/2024 11:48,2/29/2024 11:48,18440,18450,1440,18440,18440
2/29/2024 11:49,2/29/2024 11:49,18450,18460,2694,18442,18440
2/29/2024 11:50,2/29/2024 11:53,18460,18470,6615,18448,18450
2/29/2024 11:54,2/29/2024 11:59,18470,18480,8642,18460,18460
2/29/2024 12:00,2/29/2024 12:01,18480,18490,4226,18470,18470
2/29/2024 12:02,2/29/2024 12:02,18490,18500,1644,18480,18480
2/29/2024 12:03,2/29/2024 12:29,18500,18510,27439,18490,18490
2/29/2024 12:30,2/29/2024 12:48,18500,18490,16634,18494,18490
2/29/2024 12:49,2/29/2024 12:53,18500,18510,6385,18500,18500
2/29/2024 12:54,2/29/2024 12:56,18510,18520,4423,18506,18510
2/29/2024 12:57,2/29/2024 13:02,18520,18530,6134,18512,18510
2/29/2024 13:03,2/29/2024 13:10,18530,18540,6291,18518,18520
2/29/2024 13:11,2/29/2024 14:17,18540,18550,51144,18530,18530
2/29/2024 14:18,2/29/2024 14:26,18550,18560,7885,18540,18540
2/29/2024 14:27,2/29/2024 14:44,18550,18540,13304,18544,18540
2/29/2024 14:45,2/29/2024 15:00,18540,18530,12248,18544,18540
2/29/2024 15:01,2/29/2024 15:27,18540,18550,17101,18546,18550
2/29/2024 15:28,2/29/2024 15:40,18550,18560,11739,18548,18550
2/29/2024 15:41,2/29/2024 15:48,18560,18570,7657,18550,18550
2/29/2024 15:49,2/29/2024 15:51,18570,18580,6764,18558,18560
2/29/2024 15:52,2/29/2024 15:55,18580,18590,7747,18570,18570
2/29/2024 15:56,2/29/2024 15:56,18590,18600,3696,18580,18580
2/29/2024 15:57,2/29/2024 15:59,18600,18610,10598,18590,18590
2/29/2024 16:00,2/29/2024 16:03,18590,18580,25576,18592,18590
2/29/2024 16:04,2/29/2024 16:05,18580,18570,2123,18590,18590
2/29/2024 16:06,2/29/2024 16:21,18570,18560,7298,18584,18580
2/29/2024 16:22,2/29/2024 16:29,18570,18580,1275,18580,18580
2/29/2024 16:30,2/29/2024 18:22,18580,18590,6356,18576,18580
2/29/2024 18:23,2/29/2024 18:32,18580,18570,1291,18574,18570
2/29/2024 18:33,2/29/2024 19:03,18570,18560,3161,18572,18570
2/29/2024 19:04,2/29/2024 19:52,18570,18580,3027,18576,18580
2/29/2024 19:53,2/29/2024 20:36,18580,18590,3328,18578,18580
2/29/2024 20:37,2/29/2024 20:40,18590,18600,724,18580,18580
2/29/2024 20:41,2/29/2024 20:55,18600,18610,2102,18588,18590
2/29/2024 20:56,2/29/2024 21:28,18610,18620,3098,18600,18600
2/29/2024 21:29,2/29/2024 22:05,18620,18630,2492,18610,18610
2/29/2024 22:06,2/29/2024 23:59,18630,18640,5279,18620,18620
